path	line	policy	family	issue	rationale	ccall_site
base/Base.jl	24	A	julia-runtime	#9570	Julia runtime primitive mirrored by VM/compiler metadata or a curated Rust intrinsic.	let os = ccall(:jl_get_UNAME, Any, ())
base/Base.jl	195	A	julia-runtime	#9570	Julia runtime primitive mirrored by VM/compiler metadata or a curated Rust intrinsic.	ccall(:jl_uv_flush, Nothing, (Ptr{Nothing},), Core.io_pointer(Core.stdout))
base/Base.jl	355	A	julia-runtime	#9570	Julia runtime primitive mirrored by VM/compiler metadata or a curated Rust intrinsic.	ccall(:jl_set_peek_cond, Cvoid, (Ptr{Cvoid},), C_NULL)
base/Base.jl	363	A	julia-runtime	#9570	Julia runtime primitive mirrored by VM/compiler metadata or a curated Rust intrinsic.	ccall(:jl_set_peek_cond, Cvoid, (Ptr{Cvoid},), C_NULL)
base/Base.jl	365	A	julia-runtime	#9570	Julia runtime primitive mirrored by VM/compiler metadata or a curated Rust intrinsic.	ccall(:jl_set_peek_cond, Cvoid, (Ptr{Cvoid},), cond.handle)
base/Base_compiler.jl	21	A	julia-runtime	#9570	Julia runtime primitive mirrored by VM/compiler metadata or a curated Rust intrinsic.	Core.memoryrefset!(Core.memoryref(_included_files.ref, lenp1), (mod, ccall(:jl_prepend_cwd, Any, (Any,), path)), :not_atomic, true)
base/Base_compiler.jl	23	A	julia-runtime	#9570	Julia runtime primitive mirrored by VM/compiler metadata or a curated Rust intrinsic.	ccall(:jl_uv_flush, Nothing, (Ptr{Nothing},), Core.io_pointer(Core.stdout))
base/Base_compiler.jl	34	A	julia-runtime	#9570	Julia runtime primitive mirrored by VM/compiler metadata or a curated Rust intrinsic.	const is_primary_base_module = ccall(:jl_module_parent, Ref{Module}, (Any,), Base) === Core.Main
base/Base_compiler.jl	35	A	julia-runtime	#9570	Julia runtime primitive mirrored by VM/compiler metadata or a curated Rust intrinsic.	ccall(:jl_set_istopmod, Cvoid, (Any, Bool), Base, is_primary_base_module)
base/Base_compiler.jl	171	A	julia-runtime	#9570	Julia runtime primitive mirrored by VM/compiler metadata or a curated Rust intrinsic.	out = ccall(:jl_alloc_string, Ref{String}, (Int,), Core.sizeof(x) + Core.sizeof(y))
base/Base_compiler.jl	195	A	julia-runtime	#9570	Julia runtime primitive mirrored by VM/compiler metadata or a curated Rust intrinsic.	time_ns() = ccall(:jl_hrtime, UInt64, ())
base/Base_compiler.jl	389	A	julia-runtime	#9570	Julia runtime primitive mirrored by VM/compiler metadata or a curated Rust intrinsic.	_included_files[1] = (@__MODULE__, ccall(:jl_prepend_cwd, Any, (Any,), "Base_compiler.jl"))
base/Terminals.jl	133	A	julia-runtime	#9570	Julia runtime primitive mirrored by VM/compiler metadata or a curated Rust intrinsic.	ccall(:jl_tty_set_mode, Int32, (Ptr{Cvoid},Int32), t.in_stream.handle::Ptr{Cvoid}, raw) == 0
base/Terminals.jl	139	A	julia-runtime	#9570	Julia runtime primitive mirrored by VM/compiler metadata or a curated Rust intrinsic.	ccall(:jl_tty_set_mode, Int32, (Ptr{Cvoid},Int32), t.in_stream.handle::Ptr{Cvoid}, raw) == 0
base/Terminals.jl	144	A	julia-runtime	#9570	Julia runtime primitive mirrored by VM/compiler metadata or a curated Rust intrinsic.	ccall(:jl_tty_set_mode, Int32, (Ptr{Cvoid},Int32), t.in_stream.handle::Ptr{Cvoid}, raw) == 0
base/array.jl	198	A	julia-runtime	#9570	Julia runtime primitive mirrored by VM/compiler metadata or a curated Rust intrinsic.	allocatedinline(@nospecialize T::Type) = (@_total_meta; ccall(:jl_stored_inline, Cint, (Any,), T) != Cint(0))
base/asyncevent.jl	26	A	os-libuv-io	#9570	If supported, this must be a curated Rust host/OS boundary with WASM+iOS fallbacks.	err = ccall(:uv_async_init, Cint, (Ptr{Cvoid}, Ptr{Cvoid}, Ptr{Cvoid}),
base/asyncevent.jl	127	A	os-libuv-io	#9570	If supported, this must be a curated Rust host/OS boundary with WASM+iOS fallbacks.	err = ccall(:uv_timer_init, Cint, (Ptr{Cvoid}, Ptr{Cvoid}), loop, this)
base/asyncevent.jl	130	A	os-libuv-io	#9570	If supported, this must be a curated Rust host/OS boundary with WASM+iOS fallbacks.	ccall(:uv_update_time, Cvoid, (Ptr{Cvoid},), loop)
base/asyncevent.jl	131	A	os-libuv-io	#9570	If supported, this must be a curated Rust host/OS boundary with WASM+iOS fallbacks.	err = ccall(:uv_timer_start, Cint, (Ptr{Cvoid}, Ptr{Cvoid}, UInt64, UInt64),
base/asyncevent.jl	215	A	julia-runtime	#9570	Julia runtime primitive mirrored by VM/compiler metadata or a curated Rust intrinsic.	ccall(:jl_close_uv, Cvoid, (Ptr{Cvoid},), t)
base/asyncevent.jl	247	A	julia-runtime	#9570	Julia runtime primitive mirrored by VM/compiler metadata or a curated Rust intrinsic.	ccall(:jl_close_uv, Cvoid, (Ptr{Cvoid},), t.handle) # this will call Libc.free
base/asyncevent.jl	290	A	os-libuv-io	#9570	If supported, this must be a curated Rust host/OS boundary with WASM+iOS fallbacks.	if ccall(:uv_timer_get_repeat, UInt64, (Ptr{Cvoid},), t) == 0
base/asyncevent.jl	294	A	julia-runtime	#9570	Julia runtime primitive mirrored by VM/compiler metadata or a curated Rust intrinsic.	ccall(:jl_close_uv, Cvoid, (Ptr{Cvoid},), t)
base/atomics.jl	445	A	julia-runtime	#9570	Julia runtime primitive mirrored by VM/compiler metadata or a curated Rust intrinsic.	ccall(:jl_gc_safepoint, Cvoid, ())
base/boot.jl	283	A	julia-runtime	#9570	Julia runtime primitive mirrored by VM/compiler metadata or a curated Rust intrinsic.	ccall(:jl_toplevel_eval_in, Any, (Any, Any),
base/boot.jl	338	A	julia-runtime	#9570	Julia runtime primitive mirrored by VM/compiler metadata or a curated Rust intrinsic.	UnionAll(@nospecialize(v), @nospecialize(t)) = ccall(:jl_type_unionall, Any, (Any, Any), v::TypeVar, t)
base/boot.jl	354	A	julia-runtime	#9570	Julia runtime primitive mirrored by VM/compiler metadata or a curated Rust intrinsic.	has_free_typevars(@nospecialize t) = (@_total_meta; ccall(:jl_has_free_typevars, Int32, (Any,), t) === Int32(1))
base/boot.jl	390	A	julia-runtime	#9570	Julia runtime primitive mirrored by VM/compiler metadata or a curated Rust intrinsic.	UndefVarError(var::Symbol) = new(var, ccall(:jl_get_tls_world_age, UInt, ()))
base/boot.jl	391	A	julia-runtime	#9570	Julia runtime primitive mirrored by VM/compiler metadata or a curated Rust intrinsic.	UndefVarError(var::Symbol, @nospecialize scope) = new(var, ccall(:jl_get_tls_world_age, UInt, ()), scope)
base/boot.jl	486	A	julia-runtime	#9570	Julia runtime primitive mirrored by VM/compiler metadata or a curated Rust intrinsic.	getptls() = ccall(:jl_get_ptls_states, Ptr{Cvoid}, ())
base/boot.jl	488	A	julia-runtime	#9570	Julia runtime primitive mirrored by VM/compiler metadata or a curated Rust intrinsic.	include(m::Module, fname::String) = (@noinline; ccall(:jl_load_, Any, (Any, Any), m, fname))
base/boot.jl	489	A	julia-runtime	#9570	Julia runtime primitive mirrored by VM/compiler metadata or a curated Rust intrinsic.	eval(m::Module, @nospecialize(e)) = (@noinline; ccall(:jl_toplevel_eval_in, Any, (Any, Any), m, e))
base/boot.jl	507	A	julia-runtime	#9570	Julia runtime primitive mirrored by VM/compiler metadata or a curated Rust intrinsic.	WeakRef(@nospecialize(v)) = ccall(:jl_gc_new_weakref_th, Ref{WeakRef},
base/boot.jl	569	A	julia-runtime	#9570	Julia runtime primitive mirrored by VM/compiler metadata or a curated Rust intrinsic.	return ccall(:jl_new_codeinst, Ref{CodeInstance},
base/boot.jl	574	A	julia-runtime	#9570	Julia runtime primitive mirrored by VM/compiler metadata or a curated Rust intrinsic.	GlobalRef(m::Module, s::Symbol) = ccall(:jl_module_globalref, Ref{GlobalRef}, (Any, Any), m, s)
base/boot.jl	575	A	julia-runtime	#9570	Julia runtime primitive mirrored by VM/compiler metadata or a curated Rust intrinsic.	Module(name::Symbol=:anonymous, std_imports::Bool=true, default_names::Bool=true) = ccall(:jl_f_new_module, Ref{Module}, (Any, Bool, Bool), name, std_imports, default_names)
base/boot.jl	578	A	julia-runtime	#9570	Julia runtime primitive mirrored by VM/compiler metadata or a curated Rust intrinsic.	return ccall(:jl_new_task, Ref{Task}, (Any, Any, Int), f, completion_future, reserved_stack)
base/boot.jl	690	A	julia-runtime	#9570	Julia runtime primitive mirrored by VM/compiler metadata or a curated Rust intrinsic.	return _Symbol(ccall(:jl_string_ptr, Ptr{UInt8}, (Any,), s), sizeof(s), s)
base/boot.jl	754	A	julia-runtime	#9570	Julia runtime primitive mirrored by VM/compiler metadata or a curated Rust intrinsic.	(ccall(:jl_uv_puts, Cvoid, (Ptr{Cvoid}, Ptr{UInt8}, UInt), io_pointer(io), x, nb); nb)
base/boot.jl	756	A	julia-runtime	#9570	Julia runtime primitive mirrored by VM/compiler metadata or a curated Rust intrinsic.	(ccall(:jl_uv_puts, Cvoid, (Ptr{Cvoid}, Ptr{UInt8}, Int), io_pointer(io), x, nb); nb)
base/boot.jl	758	A	julia-runtime	#9570	Julia runtime primitive mirrored by VM/compiler metadata or a curated Rust intrinsic.	(ccall(:jl_uv_putb, Cvoid, (Ptr{Cvoid}, UInt8), io_pointer(io), x); 1)
base/boot.jl	761	A	julia-runtime	#9570	Julia runtime primitive mirrored by VM/compiler metadata or a curated Rust intrinsic.	unsafe_write(io, ccall(:jl_string_ptr, Ptr{UInt8}, (Any,), x), nb)
base/boot.jl	765	A	julia-runtime	#9570	Julia runtime primitive mirrored by VM/compiler metadata or a curated Rust intrinsic.	show(io::IO, @nospecialize x) = ccall(:jl_static_show, Cvoid, (Ptr{Cvoid}, Any), io_pointer(io), x)
base/boot.jl	766	A	julia-runtime	#9570	Julia runtime primitive mirrored by VM/compiler metadata or a curated Rust intrinsic.	print(io::IO, x::AbstractChar) = ccall(:jl_uv_putc, Cvoid, (Ptr{Cvoid}, Char), io_pointer(io), x)
base/boot.jl	1039	A	julia-runtime	#9570	Julia runtime primitive mirrored by VM/compiler metadata or a curated Rust intrinsic.	world = ccall(:jl_get_tls_world_age, UInt, ()) # tls_world_age()
base/boot.jl	1040	A	julia-runtime	#9570	Julia runtime primitive mirrored by VM/compiler metadata or a curated Rust intrinsic.	return Intrinsics.not_int(ccall(:jl_gf_invoke_lookup, Any, (Any, Any, UInt), tt, nothing, world) === nothing)
base/boot.jl	1086	A	julia-runtime	#9570	Julia runtime primitive mirrored by VM/compiler metadata or a curated Rust intrinsic.	ccall(:jl_set_istopmod, Cvoid, (Any, Bool), Core, true)
base/checked.jl	65	A	julia-runtime	#9570	Julia runtime primitive mirrored by VM/compiler metadata or a curated Rust intrinsic.	const llvm_version = Int(ccall(:jl_get_LLVM_VERSION, UInt32, ()))
base/cmem.jl	14	A	string-memory	#9570	Memory/string primitives must be VM-owned or pure-Rust helpers, not arbitrary native calls.	ccall(:memcpy, Ptr{Cvoid}, (Ptr{Cvoid}, Ptr{Cvoid}, Csize_t), dst, src, n)
base/cmem.jl	28	A	string-memory	#9570	Memory/string primitives must be VM-owned or pure-Rust helpers, not arbitrary native calls.	ccall(:memmove, Ptr{Cvoid}, (Ptr{Cvoid}, Ptr{Cvoid}, Csize_t), dst, src, n)
base/cmem.jl	42	A	string-memory	#9570	Memory/string primitives must be VM-owned or pure-Rust helpers, not arbitrary native calls.	ccall(:memset, Ptr{Cvoid}, (Ptr{Cvoid}, Cint, Csize_t), p, val, n)
base/cmem.jl	56	A	string-memory	#9570	Memory/string primitives must be VM-owned or pure-Rust helpers, not arbitrary native calls.	ccall(:memcmp, Cint, (Ptr{Cvoid}, Ptr{Cvoid}, Csize_t), a, b, n % Csize_t) % Int
base/condition.jl	7	C	docs-example	#9570	Commented/documentation-only native call text is not a shipped sjulia surface.	#try; error(); catch; ccall(:jlbacktrace, Cvoid, ()); end
base/condition.jl	100	A	julia-runtime	#9570	Julia runtime primitive mirrored by VM/compiler metadata or a curated Rust intrinsic.	ccall(:jl_set_task_tid, Cint, (Any, Cint), waiter, tid-1)
base/cpuid.jl	78	A	julia-runtime	#9570	Julia runtime primitive mirrored by VM/compiler metadata or a curated Rust intrinsic.	test_cpu_feature(feature::UInt32) = ccall(:jl_test_cpu_feature, Bool, (UInt32,), feature)
base/c.jl	81	A	julia-runtime	#9570	Julia runtime primitive mirrored by VM/compiler metadata or a curated Rust intrinsic.	if ccall(:jl_is_char_signed, Ref{Bool}, ())
base/c.jl	94	A	julia-runtime	#9570	Julia runtime primitive mirrored by VM/compiler metadata or a curated Rust intrinsic.	if ccall(:jl_get_UNAME, Any, ()) === :NT
base/c.jl	125	A	julia-runtime	#9570	Julia runtime primitive mirrored by VM/compiler metadata or a curated Rust intrinsic.	if ccall(:jl_get_UNAME, Any, ()) !== :NT
base/c.jl	126	A	julia-runtime	#9570	Julia runtime primitive mirrored by VM/compiler metadata or a curated Rust intrinsic.	const sizeof_mode_t = ccall(:jl_sizeof_mode_t, Cint, ())
base/c.jl	145	A	julia-runtime	#9570	Julia runtime primitive mirrored by VM/compiler metadata or a curated Rust intrinsic.	sigatomic_begin() = ccall(:jl_sigatomic_begin, Cvoid, ())
base/c.jl	146	A	julia-runtime	#9570	Julia runtime primitive mirrored by VM/compiler metadata or a curated Rust intrinsic.	sigatomic_end() = ccall(:jl_sigatomic_end, Cvoid, ())
base/c.jl	203	A	julia-runtime	#9570	Julia runtime primitive mirrored by VM/compiler metadata or a curated Rust intrinsic.	ccall(:jl_exit_on_sigint, Cvoid, (Cint,), on)
base/c.jl	207	A	julia-runtime	#9570	Julia runtime primitive mirrored by VM/compiler metadata or a curated Rust intrinsic.	ccall(:jl_extern_c, Cvoid, (Any, Any, Any), name, rt, sigt)
base/c.jl	450	C	user-native-boundary	#9570	User-visible ccall/threadcall syntax is unsupported by design under the shared WASM+iOS requirement.	macro ccall(exprs...)
base/deepcopy.jl	63	A	julia-runtime	#9570	Julia runtime primitive mirrored by VM/compiler metadata or a curated Rust intrinsic.	y = ccall(:jl_new_struct_uninit, Any, (Any,), T)
base/deepcopy.jl	71	A	julia-runtime	#9570	Julia runtime primitive mirrored by VM/compiler metadata or a curated Rust intrinsic.	ccall(:jl_set_nth_field, Cvoid, (Any, Csize_t, Any), y, i-1, xi)
base/deepcopy.jl	90	A	julia-runtime	#9570	Julia runtime primitive mirrored by VM/compiler metadata or a curated Rust intrinsic.	y = ccall(:jl_new_structv, Any, (Any, Ptr{Any}, UInt32), T, flds, nf)
base/deprecated.jl	317	A	julia-runtime	#9570	Julia runtime primitive mirrored by VM/compiler metadata or a curated Rust intrinsic.	deprecate(m::Module, s::Symbol, flag=1) = ccall(:jl_deprecate_binding, Cvoid, (Any, Any, Cint), m, s, flag)
base/docs/basedocs.jl	170	C	docs-example	#9570	Documentation examples are not a shipped sjulia native boundary.	ccall((:foo_init, :libfoo), Cvoid, ())
base/docs/basedocs.jl	171	C	docs-example	#9570	Documentation examples are not a shipped sjulia native boundary.	foo_data_ptr[] = ccall((:foo_data, :libfoo), Ptr{Cvoid}, ())
base/docs/basedocs.jl	1360	C	docs-example	#9570	Documentation examples are not a shipped sjulia native boundary.	ccall((function_name, library), returntype, (argtype1, ...), argvalue1, ...)
base/docs/basedocs.jl	1361	C	docs-example	#9570	Documentation examples are not a shipped sjulia native boundary.	ccall(function_name, returntype, (argtype1, ...), argvalue1, ...)
base/docs/basedocs.jl	1362	C	docs-example	#9570	Documentation examples are not a shipped sjulia native boundary.	ccall(function_pointer, returntype, (argtype1, ...), argvalue1, ...)
base/env.jl	23	A	os-libuv-io	#9570	If supported, this must be a curated Rust host/OS boundary with WASM+iOS fallbacks.	_getenvlen(var::Vector{UInt16}) = ccall(:GetEnvironmentVariableW,stdcall,UInt32,(Ptr{UInt16},Ptr{UInt16},UInt32),var,C_NULL,0)
base/env.jl	34	A	os-libuv-io	#9570	If supported, this must be a curated Rust host/OS boundary with WASM+iOS fallbacks.	ret = ccall(:GetEnvironmentVariableW,stdcall,UInt32,(Ptr{UInt16},Ptr{UInt16},UInt32),var,val,len)
base/env.jl	44	A	os-libuv-io	#9570	If supported, this must be a curated Rust host/OS boundary with WASM+iOS fallbacks.	ret = ccall(:SetEnvironmentVariableW,stdcall,Int32,(Ptr{UInt16},Ptr{UInt16}),var,val)
base/env.jl	51	A	os-libuv-io	#9570	If supported, this must be a curated Rust host/OS boundary with WASM+iOS fallbacks.	ret = ccall(:SetEnvironmentVariableW,stdcall,Int32,(Ptr{UInt16},Ptr{UInt16}),var,C_NULL)
base/env.jl	55	A	os-libuv-io	#9570	If supported, this must be a curated Rust host/OS boundary with WASM+iOS fallbacks.	_getenv(var::AbstractString) = ccall(:getenv, Cstring, (Cstring,), var)
base/env.jl	64	A	os-libuv-io	#9570	If supported, this must be a curated Rust host/OS boundary with WASM+iOS fallbacks.	ret = ccall(:setenv, Int32, (Cstring,Cstring,Int32), var, val, overwrite)
base/env.jl	69	A	os-libuv-io	#9570	If supported, this must be a curated Rust host/OS boundary with WASM+iOS fallbacks.	ret = ccall(:unsetenv, Int32, (Cstring,), var)
base/env.jl	179	A	os-libuv-io	#9570	If supported, this must be a curated Rust host/OS boundary with WASM+iOS fallbacks.	GESW() = (pos = ccall(:GetEnvironmentStringsW, stdcall, Ptr{UInt16}, ()); (pos, pos))
base/env.jl	185	A	os-libuv-io	#9570	If supported, this must be a curated Rust host/OS boundary with WASM+iOS fallbacks.	result = ccall(:LCMapStringW, stdcall, Cint, (UInt32, UInt32, Ptr{UInt16}, Cint, Ptr{UInt16}, Cint),
base/env.jl	193	A	os-libuv-io	#9570	If supported, this must be a curated Rust host/OS boundary with WASM+iOS fallbacks.	ccall(:FreeEnvironmentStringsW, stdcall, Int32, (Ptr{UInt16},), block[2])
base/env.jl	198	A	os-libuv-io	#9570	If supported, this must be a curated Rust host/OS boundary with WASM+iOS fallbacks.	len = ccall(:wcslen, UInt, (Ptr{UInt16},), pos)
base/env.jl	218	A	julia-runtime	#9570	Julia runtime primitive mirrored by VM/compiler metadata or a curated Rust intrinsic.	env = ccall(:jl_environ, Any, (Int32,), i)
base/errorshow.jl	422	A	julia-runtime	#9570	Julia runtime primitive mirrored by VM/compiler metadata or a curated Rust intrinsic.	stderr_stream = ccall(:jl_stderr_stream, Ptr{Cvoid}, ())
base/errorshow.jl	423	A	julia-runtime	#9570	Julia runtime primitive mirrored by VM/compiler metadata or a curated Rust intrinsic.	ccall(:jl_printf, Cint, (Ptr{Cvoid},Cstring), stderr_stream, msg)
base/errorshow.jl	424	A	julia-runtime	#9570	Julia runtime primitive mirrored by VM/compiler metadata or a curated Rust intrinsic.	ccall(:jl_printf, Cint, (Ptr{Cvoid},Cstring), stderr_stream, ":\n")
base/errorshow.jl	425	A	julia-runtime	#9570	Julia runtime primitive mirrored by VM/compiler metadata or a curated Rust intrinsic.	ccall(:jl_static_show, Csize_t, (Ptr{Cvoid},Any), stderr_stream, err)
base/errorshow.jl	426	A	julia-runtime	#9570	Julia runtime primitive mirrored by VM/compiler metadata or a curated Rust intrinsic.	ccall(:jl_printf, Cint, (Ptr{Cvoid},Cstring), stderr_stream, "\n")
base/error.jl	71	A	julia-runtime	#9570	Julia runtime primitive mirrored by VM/compiler metadata or a curated Rust intrinsic.	rethrow() = ccall(:jl_rethrow, Bottom, ())
base/error.jl	72	A	julia-runtime	#9570	Julia runtime primitive mirrored by VM/compiler metadata or a curated Rust intrinsic.	rethrow(@nospecialize(e)) = ccall(:jl_rethrow_other, Bottom, (Any,), e)
base/error.jl	124	A	julia-runtime	#9570	Julia runtime primitive mirrored by VM/compiler metadata or a curated Rust intrinsic.	bt1, bt2 = ccall(:jl_backtrace_from_here, Ref{SimpleVector}, (Cint, Cint), false, skip)
base/error.jl	134	A	julia-runtime	#9570	Julia runtime primitive mirrored by VM/compiler metadata or a curated Rust intrinsic.	bt, bt2 = ccall(:jl_get_backtrace, Ref{SimpleVector}, ())
base/error.jl	161	A	julia-runtime	#9570	Julia runtime primitive mirrored by VM/compiler metadata or a curated Rust intrinsic.	raw = ccall(:jl_get_excstack, Any, (Any,Cint,Cint), task, backtrace, typemax(Cint))::Vector{Any}
base/essentials.jl	184	A	julia-runtime	#9570	Julia runtime primitive mirrored by VM/compiler metadata or a curated Rust intrinsic.	_nameof(m::Module) = ccall(:jl_module_name, Ref{Symbol}, (Any,), m)
base/essentials.jl	188	A	julia-runtime	#9570	Julia runtime primitive mirrored by VM/compiler metadata or a curated Rust intrinsic.	_nameof(ccall(:jl_base_relative_to, Any, (Any,), __module__)::Module) === :Compiler
base/essentials.jl	400	A	julia-runtime	#9570	Julia runtime primitive mirrored by VM/compiler metadata or a curated Rust intrinsic.	nameof(m::Module) = (@_total_meta; ccall(:jl_module_name, Ref{Symbol}, (Any,), m))
base/essentials.jl	567	A	julia-runtime	#9570	Julia runtime primitive mirrored by VM/compiler metadata or a curated Rust intrinsic.	body = ccall(:jl_widen_diagonal, Any, (Any, Any), t, troot)
base/essentials.jl	693	A	julia-runtime	#9570	Julia runtime primitive mirrored by VM/compiler metadata or a curated Rust intrinsic.	unsafe_convert(::Type{Ptr{UInt8}}, s::String) = ccall(:jl_string_ptr, Ptr{UInt8}, (Any,), s)
base/essentials.jl	694	A	julia-runtime	#9570	Julia runtime primitive mirrored by VM/compiler metadata or a curated Rust intrinsic.	unsafe_convert(::Type{Ptr{Int8}}, s::String) = ccall(:jl_string_ptr, Ptr{Int8}, (Any,), s)
base/experimental.jl	445	A	julia-runtime	#9570	Julia runtime primitive mirrored by VM/compiler metadata or a curated Rust intrinsic.	ccall(:jl_check_top_level_effect, Cvoid, (Any, Cstring), mod, "@MethodTable")
base/experimental.jl	446	A	julia-runtime	#9570	Julia runtime primitive mirrored by VM/compiler metadata or a curated Rust intrinsic.	ccall(:jl_new_method_table, Any, (Any, Any), name, mod)
base/experimental.jl	495	A	julia-runtime	#9570	Julia runtime primitive mirrored by VM/compiler metadata or a curated Rust intrinsic.	ccall(:jl_add_entrypoint, Int32, (Any,), argt)
base/experimental.jl	506	A	julia-runtime	#9570	Julia runtime primitive mirrored by VM/compiler metadata or a curated Rust intrinsic.	disable_new_worlds() = ccall(:jl_disable_new_worlds, Cvoid, ())
base/experimental.jl	523	A	julia-runtime	#9570	Julia runtime primitive mirrored by VM/compiler metadata or a curated Rust intrinsic.	ccall(:jl_task_metrics_enable, Cvoid, ())
base/experimental.jl	525	A	julia-runtime	#9570	Julia runtime primitive mirrored by VM/compiler metadata or a curated Rust intrinsic.	ccall(:jl_task_metrics_disable, Cvoid, ())
base/expr.jl	14	A	julia-runtime	#9570	Julia runtime primitive mirrored by VM/compiler metadata or a curated Rust intrinsic.	gensym() = ccall(:jl_gensym, Ref{Symbol}, ())
base/expr.jl	16	A	julia-runtime	#9570	Julia runtime primitive mirrored by VM/compiler metadata or a curated Rust intrinsic.	gensym(s::String) = ccall(:jl_tagged_gensym, Ref{Symbol}, (Ptr{UInt8}, Csize_t), s, sizeof(s))
base/expr.jl	19	A	julia-runtime	#9570	Julia runtime primitive mirrored by VM/compiler metadata or a curated Rust intrinsic.	gensym(s::Symbol) = ccall(:jl_tagged_gensym, Ref{Symbol}, (Ptr{UInt8}, Csize_t), s, -1 % Csize_t)
base/expr.jl	80	A	julia-runtime	#9570	Julia runtime primitive mirrored by VM/compiler metadata or a curated Rust intrinsic.	cnew = ccall(:jl_copy_code_info, Ref{CodeInfo}, (Any,), c)
base/expr.jl	126	A	julia-runtime	#9570	Julia runtime primitive mirrored by VM/compiler metadata or a curated Rust intrinsic.	ccall(:jl_macroexpand, Any, (Any, Any), x, m)
base/expr.jl	128	A	julia-runtime	#9570	Julia runtime primitive mirrored by VM/compiler metadata or a curated Rust intrinsic.	ccall(:jl_macroexpand1, Any, (Any, Any), x, m)
base/expr.jl	1668	A	julia-runtime	#9570	Julia runtime primitive mirrored by VM/compiler metadata or a curated Rust intrinsic.	ci = ccall(:jl_expand, Any, (Any, Any), ex, defmod)
base/fastmath.jl	305	A	llvm-intrinsic	#9570	LLVM intrinsic spelling is a compiler-owned intrinsic boundary, not a user-visible native call surface.	pow_fast(x::Float64, y::Int32) = ccall("llvm.powi", llvmcall, Float64, (Float64, Int32), x, y)
base/fastmath.jl	306	A	llvm-intrinsic	#9570	LLVM intrinsic spelling is a compiler-owned intrinsic boundary, not a user-visible native call surface.	pow_fast(x::Float32, y::Int32) = ccall("llvm.powi", llvmcall, Float32, (Float32, Int32), x, y)
base/filesystem.jl	157	A	os-libuv-io	#9570	If supported, this must be a curated Rust host/OS boundary with WASM+iOS fallbacks.	uv_fs_req_cleanup(req) = ccall(:uv_fs_req_cleanup, Cvoid, (Ptr{Cvoid},), req)
base/filesystem.jl	185	A	os-libuv-io	#9570	If supported, this must be a curated Rust host/OS boundary with WASM+iOS fallbacks.	ret = ccall(:uv_fs_open, Int32,
base/filesystem.jl	188	A	os-libuv-io	#9570	If supported, this must be a curated Rust host/OS boundary with WASM+iOS fallbacks.	handle = ccall(:uv_fs_get_result, Cssize_t, (Ptr{Cvoid},), req)
base/filesystem.jl	208	A	julia-runtime	#9570	Julia runtime primitive mirrored by VM/compiler metadata or a curated Rust intrinsic.	err = ccall(:jl_fs_close, Int32, (OS_HANDLE,), f.handle)
base/filesystem.jl	222	A	julia-runtime	#9570	Julia runtime primitive mirrored by VM/compiler metadata or a curated Rust intrinsic.	result = ccall(:jl_fs_sendfile, Int32, (OS_HANDLE, OS_HANDLE, Int64, Csize_t),
base/filesystem.jl	235	A	julia-runtime	#9570	Julia runtime primitive mirrored by VM/compiler metadata or a curated Rust intrinsic.	err = ccall(:jl_fs_write, Int32, (OS_HANDLE, Ptr{UInt8}, Csize_t, Int64),
base/filesystem.jl	246	A	os-libuv-io	#9570	If supported, this must be a curated Rust host/OS boundary with WASM+iOS fallbacks.	err = ccall(:uv_fs_ftruncate, Int32,
base/filesystem.jl	257	A	os-libuv-io	#9570	If supported, this must be a curated Rust host/OS boundary with WASM+iOS fallbacks.	err = ccall(:uv_fs_futime, Int32,
base/filesystem.jl	268	A	julia-runtime	#9570	Julia runtime primitive mirrored by VM/compiler metadata or a curated Rust intrinsic.	ret = ccall(:jl_fs_read, Int32, (OS_HANDLE, Ptr{Cvoid}, Csize_t),
base/filesystem.jl	301	A	julia-runtime	#9570	Julia runtime primitive mirrored by VM/compiler metadata or a curated Rust intrinsic.	ret = ccall(:jl_fs_read, Int32, (OS_HANDLE, Ptr{Cvoid}, Csize_t),
base/filesystem.jl	317	A	julia-runtime	#9570	Julia runtime primitive mirrored by VM/compiler metadata or a curated Rust intrinsic.	ret = ccall(:jl_fs_read, Int32, (OS_HANDLE, Ptr{Cvoid}, Csize_t),
base/filesystem.jl	331	A	julia-runtime	#9570	Julia runtime primitive mirrored by VM/compiler metadata or a curated Rust intrinsic.	ret = ccall(:jl_lseek, Int64, (OS_HANDLE, Int64, Int32), f.handle, n, SEEK_SET)
base/filesystem.jl	337	A	julia-runtime	#9570	Julia runtime primitive mirrored by VM/compiler metadata or a curated Rust intrinsic.	ret = ccall(:jl_lseek, Int64, (OS_HANDLE, Int64, Int32), f.handle, 0, SEEK_END)
base/filesystem.jl	343	A	julia-runtime	#9570	Julia runtime primitive mirrored by VM/compiler metadata or a curated Rust intrinsic.	ret = ccall(:jl_lseek, Int64, (OS_HANDLE, Int64, Int32), f.handle, n, SEEK_CUR)
base/filesystem.jl	350	A	julia-runtime	#9570	Julia runtime primitive mirrored by VM/compiler metadata or a curated Rust intrinsic.	ret = ccall(:jl_lseek, Int64, (OS_HANDLE, Int64, Int32), f.handle, 0, SEEK_CUR)
base/filesystem.jl	360	A	os-libuv-io	#9570	If supported, this must be a curated Rust host/OS boundary with WASM+iOS fallbacks.	ret = ccall(:futimes, Cint, (Cint, Ptr{Cvoid}), fd(f), C_NULL)
base/filesystem.jl	391	A	julia-runtime	#9570	Julia runtime primitive mirrored by VM/compiler metadata or a curated Rust intrinsic.	return ccall(:jl_fs_access, Cint, (Cstring, Cint), path, X_OK) == 0
base/filesystem.jl	418	A	julia-runtime	#9570	Julia runtime primitive mirrored by VM/compiler metadata or a curated Rust intrinsic.	return ccall(:jl_fs_access, Cint, (Cstring, Cint), path, R_OK) == 0
base/filesystem.jl	445	A	julia-runtime	#9570	Julia runtime primitive mirrored by VM/compiler metadata or a curated Rust intrinsic.	return ccall(:jl_fs_access, Cint, (Cstring, Cint), path, W_OK) == 0
base/file.jl	56	A	os-libuv-io	#9570	If supported, this must be a curated Rust host/OS boundary with WASM+iOS fallbacks.	rc = ccall(:uv_cwd, Cint, (Ptr{UInt8}, Ptr{Csize_t}), buf, sz)
base/file.jl	90	A	os-libuv-io	#9570	If supported, this must be a curated Rust host/OS boundary with WASM+iOS fallbacks.	err = ccall(:uv_chdir, Cint, (Cstring,), dir)
base/file.jl	108	A	os-libuv-io	#9570	If supported, this must be a curated Rust host/OS boundary with WASM+iOS fallbacks.	fd = ccall(:open, Int32, (Cstring, Int32, UInt32...), :., 0)
base/file.jl	114	A	os-libuv-io	#9570	If supported, this must be a curated Rust host/OS boundary with WASM+iOS fallbacks.	systemerror(:fchdir, ccall(:fchdir, Int32, (Int32,), fd) != 0)
base/file.jl	115	A	os-libuv-io	#9570	If supported, this must be a curated Rust host/OS boundary with WASM+iOS fallbacks.	systemerror(:close, ccall(:close, Int32, (Int32,), fd) != 0)
base/file.jl	180	A	os-libuv-io	#9570	If supported, this must be a curated Rust host/OS boundary with WASM+iOS fallbacks.	ret = ccall(:uv_fs_mkdir, Cint,
base/file.jl	314	A	os-libuv-io	#9570	If supported, this must be a curated Rust host/OS boundary with WASM+iOS fallbacks.	ret = ccall(:uv_fs_rmdir, Cint, (Ptr{Cvoid}, Ptr{Cvoid}, Cstring, Ptr{Cvoid}), C_NULL, req, path, C_NULL)
base/file.jl	566	A	os-libuv-io	#9570	If supported, this must be a curated Rust host/OS boundary with WASM+iOS fallbacks.	rc = ccall(:uv_os_tmpdir, Cint, (Ptr{UInt8}, Ptr{Csize_t}), buf, sz)
base/file.jl	767	A	os-libuv-io	#9570	If supported, this must be a curated Rust host/OS boundary with WASM+iOS fallbacks.	uunique = ccall(:GetTempFileNameW, stdcall, UInt32,
base/file.jl	788	A	os-libuv-io	#9570	If supported, this must be a curated Rust host/OS boundary with WASM+iOS fallbacks.	p = ccall(:mkstemp, Int32, (Cstring,), b) # modifies b
base/file.jl	879	A	os-libuv-io	#9570	If supported, this must be a curated Rust host/OS boundary with WASM+iOS fallbacks.	ret = ccall(:uv_fs_mkdtemp, Cint,
base/file.jl	886	A	julia-runtime	#9570	Julia runtime primitive mirrored by VM/compiler metadata or a curated Rust intrinsic.	path = unsafe_string(ccall(:jl_uv_fs_t_path, Cstring, (Ptr{Cvoid},), req))
base/file.jl	1110	A	os-libuv-io	#9570	If supported, this must be a curated Rust host/OS boundary with WASM+iOS fallbacks.	err = ccall(:uv_fs_scandir, Int32, (Ptr{Cvoid}, Ptr{Cvoid}, Cstring, Cint, Ptr{Cvoid}),
base/file.jl	1117	A	os-libuv-io	#9570	If supported, this must be a curated Rust host/OS boundary with WASM+iOS fallbacks.	while Base.UV_EOF != ccall(:uv_fs_scandir_next, Cint, (Ptr{Cvoid}, Ptr{uv_dirent_t}), req, ent)
base/file.jl	1230	A	julia-runtime	#9570	Julia runtime primitive mirrored by VM/compiler metadata or a curated Rust intrinsic.	err = ccall(:jl_fs_unlink, Int32, (Cstring,), p)
base/file.jl	1262	A	julia-runtime	#9570	Julia runtime primitive mirrored by VM/compiler metadata or a curated Rust intrinsic.	err = ccall(:jl_fs_rename, Int32, (Cstring, Cstring), oldpath, newpath)
base/file.jl	1306	A	julia-runtime	#9570	Julia runtime primitive mirrored by VM/compiler metadata or a curated Rust intrinsic.	err = ccall(:jl_fs_hardlink, Int32, (Cstring, Cstring), src, dst)
base/file.jl	1375	A	julia-runtime	#9570	Julia runtime primitive mirrored by VM/compiler metadata or a curated Rust intrinsic.	err = ccall(:jl_fs_symlink, Int32, (Cstring, Cstring, Cint), target, link, flags)
base/file.jl	1398	A	os-libuv-io	#9570	If supported, this must be a curated Rust host/OS boundary with WASM+iOS fallbacks.	ret = ccall(:uv_fs_readlink, Int32,
base/file.jl	1406	A	julia-runtime	#9570	Julia runtime primitive mirrored by VM/compiler metadata or a curated Rust intrinsic.	tgt = unsafe_string(ccall(:jl_uv_fs_t_ptr, Cstring, (Ptr{Cvoid},), req))
base/file.jl	1428	A	julia-runtime	#9570	Julia runtime primitive mirrored by VM/compiler metadata or a curated Rust intrinsic.	err = ccall(:jl_fs_chmod, Int32, (Cstring, Cint), path, mode)
base/file.jl	1448	A	julia-runtime	#9570	Julia runtime primitive mirrored by VM/compiler metadata or a curated Rust intrinsic.	err = ccall(:jl_fs_chown, Int32, (Cstring, Cint, Cint), path, owner, group)
base/file.jl	1499	A	os-libuv-io	#9570	If supported, this must be a curated Rust host/OS boundary with WASM+iOS fallbacks.	err = ccall(:uv_fs_statfs, Cint, (Ptr{Cvoid}, Ptr{Cvoid}, Cstring, Ptr{Cvoid}),
base/file.jl	1502	A	julia-runtime	#9570	Julia runtime primitive mirrored by VM/compiler metadata or a curated Rust intrinsic.	statfs_ptr = ccall(:jl_uv_fs_t_ptr, Ptr{Nothing}, (Ptr{Cvoid},), req)
base/flparse.jl	13	A	julia-runtime	#9570	Julia runtime primitive mirrored by VM/compiler metadata or a curated Rust intrinsic.	ccall(:jl_fl_parse, Any, (Ptr{UInt8}, Csize_t, Any, Csize_t, Csize_t, Any),
base/gcutils.jl	66	A	julia-runtime	#9570	Julia runtime primitive mirrored by VM/compiler metadata or a curated Rust intrinsic.	ccall(:jl_safe_printf, Cvoid, (Cstring, Cstring), "Finalizing %s.", repr(x))
base/gcutils.jl	92	A	julia-runtime	#9570	Julia runtime primitive mirrored by VM/compiler metadata or a curated Rust intrinsic.	ccall(:jl_gc_add_ptr_finalizer, Cvoid, (Ptr{Cvoid}, Any, Ptr{Cvoid}),
base/gcutils.jl	102	A	julia-runtime	#9570	Julia runtime primitive mirrored by VM/compiler metadata or a curated Rust intrinsic.	finalize(@nospecialize(o)) = ccall(:jl_finalize_th, Cvoid, (Any, Any,),
base/gcutils.jl	134	A	julia-runtime	#9570	Julia runtime primitive mirrored by VM/compiler metadata or a curated Rust intrinsic.	ccall(:jl_gc_collect, Cvoid, (Cint,), full ? GC_FULL : GC_INCREMENTAL)
base/gcutils.jl	146	A	julia-runtime	#9570	Julia runtime primitive mirrored by VM/compiler metadata or a curated Rust intrinsic.	enable(on::Bool) = ccall(:jl_gc_enable, Int32, (Int32,), on) != 0
base/gcutils.jl	159	A	julia-runtime	#9570	Julia runtime primitive mirrored by VM/compiler metadata or a curated Rust intrinsic.	ccall(:jl_gc_enable_finalizers_internal, Cvoid, ())
base/gcutils.jl	161	A	julia-runtime	#9570	Julia runtime primitive mirrored by VM/compiler metadata or a curated Rust intrinsic.	ccall(:jl_gc_run_pending_finalizers, Cvoid, (Ptr{Cvoid},), C_NULL)
base/gcutils.jl	166	A	julia-runtime	#9570	Julia runtime primitive mirrored by VM/compiler metadata or a curated Rust intrinsic.	ccall(:jl_gc_disable_finalizers_internal, Cvoid, ())
base/gcutils.jl	183	A	julia-runtime	#9570	Julia runtime primitive mirrored by VM/compiler metadata or a curated Rust intrinsic.	ccall(:jl_gc_is_in_finalizer, Int8, ()) > 0
base/gcutils.jl	264	A	julia-runtime	#9570	Julia runtime primitive mirrored by VM/compiler metadata or a curated Rust intrinsic.	safepoint() = ccall(:jl_gc_safepoint, Cvoid, ())
base/gcutils.jl	272	A	julia-runtime	#9570	Julia runtime primitive mirrored by VM/compiler metadata or a curated Rust intrinsic.	ccall(:jl_enable_gc_logging, Cvoid, (Cint,), on)
base/gcutils.jl	281	A	julia-runtime	#9570	Julia runtime primitive mirrored by VM/compiler metadata or a curated Rust intrinsic.	ccall(:jl_is_gc_logging_enabled, Cint, ()) != 0
base/gcutils.jl	291	A	julia-runtime	#9570	Julia runtime primitive mirrored by VM/compiler metadata or a curated Rust intrinsic.	unsafe_string(ccall(:jl_gc_active_impl, Ptr{UInt8}, ()))
base/genericmemory.jl	129	A	julia-runtime	#9570	Julia runtime primitive mirrored by VM/compiler metadata or a curated Rust intrinsic.	ccall(:jl_genericmemory_copyto, Cvoid, (Any, Ptr{Cvoid}, Any, Ptr{Cvoid}, Int), dest.mem, dest.ptr_or_offset, src.mem, src.ptr_or_offset, Int(n))
base/gmp.jl	117	A	gmp-bigint	#9570	Current policy is pure-Rust BigInt implementation; no GMP dynamic/native boundary.	ccall((:__gmp_set_memory_functions, libgmp), Cvoid,
base/gmp.jl	129	A	gmp-bigint	#9570	Current policy is pure-Rust BigInt implementation; no GMP dynamic/native boundary.	ccall((:__gmp_set_alloc_overflow_function, libgmp), Cvoid,
base/gmp.jl	156	A	gmp-bigint	#9570	Current policy is pure-Rust BigInt implementation; no GMP dynamic/native boundary.	init!(x::BigInt) = (ccall((:__gmpz_init, libgmp), Cvoid, (mpz_t,), x); x)
base/gmp.jl	157	A	gmp-bigint	#9570	Current policy is pure-Rust BigInt implementation; no GMP dynamic/native boundary.	init2!(x::BigInt, a) = (ccall((:__gmpz_init2, libgmp), Cvoid, (mpz_t, bitcnt_t), x, a); x)
base/gmp.jl	159	A	gmp-bigint	#9570	Current policy is pure-Rust BigInt implementation; no GMP dynamic/native boundary.	realloc2!(x, a) = (ccall((:__gmpz_realloc2, libgmp), Cvoid, (mpz_t, bitcnt_t), x, a); x)
base/gmp.jl	162	A	gmp-bigint	#9570	Current policy is pure-Rust BigInt implementation; no GMP dynamic/native boundary.	sizeinbase(a::BigInt, b) = Int(ccall((:__gmpz_sizeinbase, libgmp), Csize_t, (mpz_t, Cint), a, b))
base/gmp.jl	171	A	gmp-bigint	#9570	Current policy is pure-Rust BigInt implementation; no GMP dynamic/native boundary.	$op!(x::BigInt, a::BigInt, b::BigInt) = (ccall($(gmpz(op)), Cvoid, (mpz_t, mpz_t, mpz_t), x, a, b); x)
base/gmp.jl	178	A	gmp-bigint	#9570	Current policy is pure-Rust BigInt implementation; no GMP dynamic/native boundary.	ccall((:__gmpz_invert, libgmp), Cint, (mpz_t, mpz_t, mpz_t), x, a, b)
base/gmp.jl	185	A	gmp-bigint	#9570	Current policy is pure-Rust BigInt implementation; no GMP dynamic/native boundary.	$op!(x::BigInt, a::BigInt, b) = (ccall($(gmpz(op)), Cvoid, (mpz_t, mpz_t, Culong), x, a, b); x)
base/gmp.jl	191	A	gmp-bigint	#9570	Current policy is pure-Rust BigInt implementation; no GMP dynamic/native boundary.	ui_sub!(x::BigInt, a, b::BigInt) = (ccall((:__gmpz_ui_sub, libgmp), Cvoid, (mpz_t, Culong, mpz_t), x, a, b); x)
base/gmp.jl	197	A	gmp-bigint	#9570	Current policy is pure-Rust BigInt implementation; no GMP dynamic/native boundary.	@eval $op(a::BigInt, b) = Int(signed(ccall($(gmpz(op)), Culong, (mpz_t, Culong), a, b)))
base/gmp.jl	200	A	gmp-bigint	#9570	Current policy is pure-Rust BigInt implementation; no GMP dynamic/native boundary.	mul_si!(x::BigInt, a::BigInt, b) = (ccall((:__gmpz_mul_si, libgmp), Cvoid, (mpz_t, mpz_t, Clong), x, a, b); x)
base/gmp.jl	207	A	gmp-bigint	#9570	Current policy is pure-Rust BigInt implementation; no GMP dynamic/native boundary.	$op!(x::BigInt, a::BigInt) = (ccall($(gmpz(op)), Cvoid, (mpz_t, mpz_t), x, a); x)
base/gmp.jl	217	A	gmp-bigint	#9570	Current policy is pure-Rust BigInt implementation; no GMP dynamic/native boundary.	$op!(x::BigInt, a) = (ccall($(gmpz(op)), Cvoid, (mpz_t, $T), x, a); x)
base/gmp.jl	222	A	gmp-bigint	#9570	Current policy is pure-Rust BigInt implementation; no GMP dynamic/native boundary.	popcount(a::BigInt) = Int(signed(ccall((:__gmpz_popcount, libgmp), Culong, (mpz_t,), a)))
base/gmp.jl	224	A	gmp-bigint	#9570	Current policy is pure-Rust BigInt implementation; no GMP dynamic/native boundary.	mpn_popcount(d::Ptr{Limb}, s::Integer) = Int(ccall((:__gmpn_popcount, libgmp), Culong, (Ptr{Limb}, Csize_t), d, s))
base/gmp.jl	228	A	gmp-bigint	#9570	Current policy is pure-Rust BigInt implementation; no GMP dynamic/native boundary.	ccall((:__gmpz_tdiv_qr, libgmp), Cvoid, (mpz_t, mpz_t, mpz_t, mpz_t), x, y, a, b)
base/gmp.jl	234	A	gmp-bigint	#9570	Current policy is pure-Rust BigInt implementation; no GMP dynamic/native boundary.	(ccall((:__gmpz_powm, libgmp), Cvoid, (mpz_t, mpz_t, mpz_t, mpz_t), x, a, b, c); x)
base/gmp.jl	239	A	gmp-bigint	#9570	Current policy is pure-Rust BigInt implementation; no GMP dynamic/native boundary.	ccall((:__gmpz_gcdext, libgmp), Cvoid, (mpz_t, mpz_t, mpz_t, mpz_t, mpz_t), x, y, z, a, b)
base/gmp.jl	244	A	gmp-bigint	#9570	Current policy is pure-Rust BigInt implementation; no GMP dynamic/native boundary.	cmp(a::BigInt, b::BigInt) = Int(ccall((:__gmpz_cmp, libgmp), Cint, (mpz_t, mpz_t), a, b))
base/gmp.jl	245	A	gmp-bigint	#9570	Current policy is pure-Rust BigInt implementation; no GMP dynamic/native boundary.	cmp_si(a::BigInt, b) = Int(ccall((:__gmpz_cmp_si, libgmp), Cint, (mpz_t, Clong), a, b))
base/gmp.jl	246	A	gmp-bigint	#9570	Current policy is pure-Rust BigInt implementation; no GMP dynamic/native boundary.	cmp_ui(a::BigInt, b) = Int(ccall((:__gmpz_cmp_ui, libgmp), Cint, (mpz_t, Culong), a, b))
base/gmp.jl	247	A	gmp-bigint	#9570	Current policy is pure-Rust BigInt implementation; no GMP dynamic/native boundary.	cmp_d(a::BigInt, b) = Int(ccall((:__gmpz_cmp_d, libgmp), Cint, (mpz_t, Cdouble), a, b))
base/gmp.jl	249	A	gmp-bigint	#9570	Current policy is pure-Rust BigInt implementation; no GMP dynamic/native boundary.	mpn_cmp(a::Ptr{Limb}, b::Ptr{Limb}, c) = ccall((:__gmpn_cmp, libgmp), Cint, (Ptr{Limb}, Ptr{Limb}, Clong), a, b, c)
base/gmp.jl	252	A	gmp-bigint	#9570	Current policy is pure-Rust BigInt implementation; no GMP dynamic/native boundary.	get_str!(x, a, b::BigInt) = (ccall((:__gmpz_get_str,libgmp), Ptr{Cchar}, (Ptr{Cchar}, Cint, mpz_t), x, a, b); x)
base/gmp.jl	253	A	gmp-bigint	#9570	Current policy is pure-Rust BigInt implementation; no GMP dynamic/native boundary.	set_str!(x::BigInt, a, b) = Int(ccall((:__gmpz_set_str, libgmp), Cint, (mpz_t, Ptr{UInt8}, Cint), x, a, b))
base/gmp.jl	254	A	gmp-bigint	#9570	Current policy is pure-Rust BigInt implementation; no GMP dynamic/native boundary.	get_d(a::BigInt) = ccall((:__gmpz_get_d, libgmp), Cdouble, (mpz_t,), a)
base/gmp.jl	261	A	gmp-bigint	#9570	Current policy is pure-Rust BigInt implementation; no GMP dynamic/native boundary.	ccall((:__gmpz_export, libgmp), Ptr{T}, (Ptr{T}, Ref{Csize_t}, Cint, Csize_t, Cint, Csize_t, mpz_t),
base/gmp.jl	267	A	gmp-bigint	#9570	Current policy is pure-Rust BigInt implementation; no GMP dynamic/native boundary.	limbs_write!(x::BigInt, a) = ccall((:__gmpz_limbs_write, libgmp), Ptr{Limb}, (mpz_t, Clong), x, a)
base/gmp.jl	268	A	gmp-bigint	#9570	Current policy is pure-Rust BigInt implementation; no GMP dynamic/native boundary.	limbs_finish!(x::BigInt, a) = ccall((:__gmpz_limbs_finish, libgmp), Cvoid, (mpz_t, Clong), x, a)
base/gmp.jl	270	A	gmp-bigint	#9570	Current policy is pure-Rust BigInt implementation; no GMP dynamic/native boundary.	setbit!(x, a) = (ccall((:__gmpz_setbit, libgmp), Cvoid, (mpz_t, bitcnt_t), x, a); x)
base/gmp.jl	271	A	gmp-bigint	#9570	Current policy is pure-Rust BigInt implementation; no GMP dynamic/native boundary.	tstbit(a::BigInt, b) = ccall((:__gmpz_tstbit, libgmp), Cint, (mpz_t, bitcnt_t), a, b) % Bool
base/gmp.jl	960	A	gmp-bigint	#9570	Current policy is pure-Rust BigInt implementation; no GMP dynamic/native boundary.	ccall((:__gmpq_canonicalize, libgmp), Cvoid, (mpq_t,), xq)
base/gmp.jl	967	A	gmp-bigint	#9570	Current policy is pure-Rust BigInt implementation; no GMP dynamic/native boundary.	ccall((:__gmpq_set, libgmp), Cvoid, (mpq_t, mpq_t), zq, _MPQ(x))
base/gmp.jl	973	A	gmp-bigint	#9570	Current policy is pure-Rust BigInt implementation; no GMP dynamic/native boundary.	ccall((:__gmpq_set_z, libgmp), Cvoid, (mpq_t, MPZ.mpz_t), zq, x)
base/gmp.jl	989	A	gmp-bigint	#9570	Current policy is pure-Rust BigInt implementation; no GMP dynamic/native boundary.	ccall($(gmpq(op)), Cvoid, (mpq_t, $T1, $T2), zq, a, b)
base/gmp.jl	1005	A	gmp-bigint	#9570	Current policy is pure-Rust BigInt implementation; no GMP dynamic/native boundary.	ccall((:__gmpq_add, libgmp), Cvoid,
base/gmp.jl	1019	A	gmp-bigint	#9570	Current policy is pure-Rust BigInt implementation; no GMP dynamic/native boundary.	ccall((:__gmpq_sub, libgmp), Cvoid,
base/gmp.jl	1032	A	gmp-bigint	#9570	Current policy is pure-Rust BigInt implementation; no GMP dynamic/native boundary.	ccall((:__gmpq_mul, libgmp), Cvoid,
base/gmp.jl	1053	A	gmp-bigint	#9570	Current policy is pure-Rust BigInt implementation; no GMP dynamic/native boundary.	ccall((:__gmpq_div, libgmp), Cvoid,
base/gmp.jl	1067	A	gmp-bigint	#9570	Current policy is pure-Rust BigInt implementation; no GMP dynamic/native boundary.	Int(ccall((:__gmpq_cmp, libgmp), Cint, (mpq_t, mpq_t), _MPQ(x), _MPQ(y)))
base/hashing.jl	32	A	julia-runtime	#9570	Julia runtime primitive mirrored by VM/compiler metadata or a curated Rust intrinsic.	@noinline _jl_type_hash(T::Type) = @assume_effects :total ccall(:jl_type_hash, UInt, (Any,), T)
base/hashing.jl	200	A	string-memory	#9570	Memory/string primitives must be VM-owned or pure-Rust helpers, not arbitrary native calls.	ccall(memhash, UInt, (Ptr{UInt8}, Csize_t, UInt32), s, sizeof(s), h % UInt32) + h
base/iddict.jl	62	A	julia-runtime	#9570	Julia runtime primitive mirrored by VM/compiler metadata or a curated Rust intrinsic.	d.ht = ccall(:jl_idtable_rehash, Memory{Any}, (Any, Csize_t), d.ht, newsz)
base/iddict.jl	86	A	julia-runtime	#9570	Julia runtime primitive mirrored by VM/compiler metadata or a curated Rust intrinsic.	d.ht = ccall(:jl_eqtable_put, Memory{Any}, (Any, Any, Any, Ptr{Cint}), d.ht, key, val, inserted)
base/iddict.jl	92	A	julia-runtime	#9570	Julia runtime primitive mirrored by VM/compiler metadata or a curated Rust intrinsic.	val = ccall(:jl_eqtable_get, Any, (Any, Any, Any), d.ht, key, default)
base/iddict.jl	97	A	julia-runtime	#9570	Julia runtime primitive mirrored by VM/compiler metadata or a curated Rust intrinsic.	val = ccall(:jl_eqtable_get, Any, (Any, Any, Any), d.ht, key, secret_table_token)
base/iddict.jl	104	A	julia-runtime	#9570	Julia runtime primitive mirrored by VM/compiler metadata or a curated Rust intrinsic.	val = ccall(:jl_eqtable_pop, Any, (Any, Any, Any, Ptr{Cint}), d.ht, key, default, found)
base/iddict.jl	136	A	julia-runtime	#9570	Julia runtime primitive mirrored by VM/compiler metadata or a curated Rust intrinsic.	_oidd_nextind(a, i) = reinterpret(Int, ccall(:jl_eqtable_nextind, Csize_t, (Any, Csize_t), a, i))
base/iddict.jl	149	A	julia-runtime	#9570	Julia runtime primitive mirrored by VM/compiler metadata or a curated Rust intrinsic.	val = ccall(:jl_eqtable_get, Any, (Any, Any, Any), d.ht, key, secret_table_token)
base/iddict.jl	160	A	julia-runtime	#9570	Julia runtime primitive mirrored by VM/compiler metadata or a curated Rust intrinsic.	val = ccall(:jl_eqtable_get, Any, (Any, Any, Any), d.ht, key, secret_table_token)
base/iddict.jl	169	A	julia-runtime	#9570	Julia runtime primitive mirrored by VM/compiler metadata or a curated Rust intrinsic.	val = ccall(:jl_eqtable_get, Any, (Any, Any, Any), d.ht, key, secret_table_token)
base/idset.jl	44	A	julia-runtime	#9570	Julia runtime primitive mirrored by VM/compiler metadata or a curated Rust intrinsic.	haskey(s::IdSet, @nospecialize(key)) = ccall(:jl_idset_peek_bp, Int, (Any, Any, Any), s.list, s.idxs, key) != -1
base/idset.jl	49	A	julia-runtime	#9570	Julia runtime primitive mirrored by VM/compiler metadata or a curated Rust intrinsic.	idx = ccall(:jl_idset_peek_bp, Int, (Any, Any, Any), s.list, s.idxs, x)
base/idset.jl	60	A	julia-runtime	#9570	Julia runtime primitive mirrored by VM/compiler metadata or a curated Rust intrinsic.	setfield!(s, :list, ccall(:jl_idset_put_key, Any, (Any, Any, Ptr{Int}), s.list, x, newidx))
base/idset.jl	65	A	julia-runtime	#9570	Julia runtime primitive mirrored by VM/compiler metadata or a curated Rust intrinsic.	setfield!(s, :idxs, ccall(:jl_idset_put_idx, Any, (Any, Any, Int), s.list, s.idxs, idx))
base/idset.jl	71	A	julia-runtime	#9570	Julia runtime primitive mirrored by VM/compiler metadata or a curated Rust intrinsic.	removed = ccall(:jl_idset_pop, Int, (Any, Any, Any), s.list, s.idxs, x)
base/initdefs.jl	28	A	julia-runtime	#9570	Julia runtime primitive mirrored by VM/compiler metadata or a curated Rust intrinsic.	exit(n) = ccall(:jl_exit, Union{}, (Int32,), n)
base/invalidation.jl	11	A	julia-runtime	#9570	Julia runtime primitive mirrored by VM/compiler metadata or a curated Rust intrinsic.	table = ccall(:jl_module_get_bindings, Ref{SimpleVector}, (Any,), m)
base/invalidation.jl	82	A	julia-runtime	#9570	Julia runtime primitive mirrored by VM/compiler metadata or a curated Rust intrinsic.	ccall(:jl_invalidate_code_instance, Cvoid, (Any, UInt), ci, new_max_world)
base/invalidation.jl	88	A	julia-runtime	#9570	Julia runtime primitive mirrored by VM/compiler metadata or a curated Rust intrinsic.	invalidated && ccall(:jl_maybe_log_binding_invalidation, Cvoid, (Any,), mi)
base/invalidation.jl	119	A	julia-runtime	#9570	Julia runtime primitive mirrored by VM/compiler metadata or a curated Rust intrinsic.	nmethods = ccall(:jl_module_scanned_methods_length, Csize_t, (Any,), gr.mod)
base/invalidation.jl	121	A	julia-runtime	#9570	Julia runtime primitive mirrored by VM/compiler metadata or a curated Rust intrinsic.	method = ccall(:jl_module_scanned_methods_getindex, Any, (Any, Csize_t), gr.mod, i)::Method
base/invalidation.jl	125	A	julia-runtime	#9570	Julia runtime primitive mirrored by VM/compiler metadata or a curated Rust intrinsic.	nbackedges = ccall(:jl_binding_backedges_length, Csize_t, (Any,), b)
base/invalidation.jl	127	A	julia-runtime	#9570	Julia runtime primitive mirrored by VM/compiler metadata or a curated Rust intrinsic.	edge = ccall(:jl_binding_backedges_getindex, Any, (Any, Csize_t), b, i)
base/invalidation.jl	129	A	julia-runtime	#9570	Julia runtime primitive mirrored by VM/compiler metadata or a curated Rust intrinsic.	ccall(:jl_invalidate_code_instance, Cvoid, (Any, UInt), edge, new_max_world)
base/invalidation.jl	149	A	julia-runtime	#9570	Julia runtime primitive mirrored by VM/compiler metadata or a curated Rust intrinsic.	usings_backedges = ccall(:jl_get_module_usings_backedges, Any, (Any,), gr.mod)
base/invalidation.jl	152	A	julia-runtime	#9570	Julia runtime primitive mirrored by VM/compiler metadata or a curated Rust intrinsic.	user_binding = ccall(:jl_get_module_binding_or_nothing, Any, (Any, Any), user, gr.name)::Union{Core.Binding, Nothing}
base/invalidation.jl	158	A	julia-runtime	#9570	Julia runtime primitive mirrored by VM/compiler metadata or a curated Rust intrinsic.	new_bpart = ccall(:jl_maybe_reresolve_implicit, Any, (Any, Csize_t), user_binding, new_max_world)
base/invalidation.jl	165	A	julia-runtime	#9570	Julia runtime primitive mirrored by VM/compiler metadata or a curated Rust intrinsic.	invalidated_any && ccall(:jl_maybe_log_binding_invalidation, Cvoid, (Any,), invalidated_bpart)
base/invalidation.jl	176	A	julia-runtime	#9570	Julia runtime primitive mirrored by VM/compiler metadata or a curated Rust intrinsic.	ccall(:jl_maybe_add_binding_backedge, Cint, (Any, Any, Any), b, edge, meth)
base/iostream.jl	5	A	julia-runtime	#9570	Julia runtime primitive mirrored by VM/compiler metadata or a curated Rust intrinsic.	const sizeof_ios_t = Int(ccall(:jl_sizeof_ios_t, Cint, ()))
base/iostream.jl	74	A	julia-runtime	#9570	Julia runtime primitive mirrored by VM/compiler metadata or a curated Rust intrinsic.	fd(s::IOStream) = RawFD(ccall(:jl_ios_fd, Clong, (Ptr{Cvoid},), s.ios))
base/iostream.jl	78	A	os-libuv-io	#9570	If supported, this must be a curated Rust host/OS boundary with WASM+iOS fallbacks.	isopen(s::IOStream) = ccall(:ios_isopen, Cint, (Ptr{Cvoid},), s.ios) != 0
base/iostream.jl	81	A	os-libuv-io	#9570	If supported, this must be a curated Rust host/OS boundary with WASM+iOS fallbacks.	bad = @_lock_ios s ccall(:ios_close, Cint, (Ptr{Cvoid},), s.ios) != 0
base/iostream.jl	89	A	os-libuv-io	#9570	If supported, this must be a curated Rust host/OS boundary with WASM+iOS fallbacks.	bad = @_lock_ios s ccall(:ios_flush, Cint, (Ptr{Cvoid},), s.ios) != 0
base/iostream.jl	94	A	os-libuv-io	#9570	If supported, this must be a curated Rust host/OS boundary with WASM+iOS fallbacks.	iswritable(s::IOStream) = ccall(:ios_get_writable, Cint, (Ptr{Cvoid},), s.ios)!=0
base/iostream.jl	96	A	os-libuv-io	#9570	If supported, this must be a curated Rust host/OS boundary with WASM+iOS fallbacks.	isreadable(s::IOStream) = ccall(:ios_get_readable, Cint, (Ptr{Cvoid},), s.ios)!=0
base/iostream.jl	128	A	os-libuv-io	#9570	If supported, this must be a curated Rust host/OS boundary with WASM+iOS fallbacks.	err = @_lock_ios s ccall(:ios_trunc, Cint, (Ptr{Cvoid}, Csize_t), s.ios, n) != 0
base/iostream.jl	149	A	os-libuv-io	#9570	If supported, this must be a curated Rust host/OS boundary with WASM+iOS fallbacks.	ret = @_lock_ios s ccall(:ios_seek, Int64, (Ptr{Cvoid}, Int64), s.ios, n)
base/iostream.jl	183	A	os-libuv-io	#9570	If supported, this must be a curated Rust host/OS boundary with WASM+iOS fallbacks.	err = @_lock_ios s ccall(:ios_seek_end, Int64, (Ptr{Cvoid},), s.ios) != 0
base/iostream.jl	206	A	os-libuv-io	#9570	If supported, this must be a curated Rust host/OS boundary with WASM+iOS fallbacks.	ret = @_lock_ios s ccall(:ios_skip, Int64, (Ptr{Cvoid}, Int64), s.ios, delta)
base/iostream.jl	238	A	os-libuv-io	#9570	If supported, this must be a curated Rust host/OS boundary with WASM+iOS fallbacks.	pos = @_lock_ios s ccall(:ios_pos, Int64, (Ptr{Cvoid},), s.ios)
base/iostream.jl	244	A	os-libuv-io	#9570	If supported, this must be a curated Rust host/OS boundary with WASM+iOS fallbacks.	sz = @_lock_ios s ccall(:ios_filesize, Int64, (Ptr{Cvoid},), s.ios)
base/iostream.jl	252	A	os-libuv-io	#9570	If supported, this must be a curated Rust host/OS boundary with WASM+iOS fallbacks.	_eof_nolock(s::IOStream) = ccall(:ios_eof_blocking, Cint, (Ptr{Cvoid},), s.ios) != 0
base/iostream.jl	268	A	os-libuv-io	#9570	If supported, this must be a curated Rust host/OS boundary with WASM+iOS fallbacks.	ccall(:ios_fd, Ptr{Cvoid}, (Ptr{Cvoid}, Clong, Cint, Cint),
base/iostream.jl	314	A	os-libuv-io	#9570	If supported, this must be a curated Rust host/OS boundary with WASM+iOS fallbacks.	if ccall(:ios_file, Ptr{Cvoid},
base/iostream.jl	320	A	os-libuv-io	#9570	If supported, this must be a curated Rust host/OS boundary with WASM+iOS fallbacks.	if ccall(:ios_seek_end, Int64, (Ptr{Cvoid},), s.ios) != 0
base/iostream.jl	393	A	os-libuv-io	#9570	If supported, this must be a curated Rust host/OS boundary with WASM+iOS fallbacks.	Int(@_lock_ios s ccall(:ios_putc, Cint, (Cint, Ptr{Cvoid}), b, s.ios))
base/iostream.jl	398	A	os-libuv-io	#9570	If supported, this must be a curated Rust host/OS boundary with WASM+iOS fallbacks.	return Int(@_lock_ios s ccall(:ios_write, Csize_t, (Ptr{Cvoid}, Ptr{Cvoid}, Csize_t), s.ios, p, nb))
base/iostream.jl	402	A	julia-runtime	#9570	Julia runtime primitive mirrored by VM/compiler metadata or a curated Rust intrinsic.	bytesavailable(s::IOStream) = @_lock_ios s ccall(:jl_nb_available, Int32, (Ptr{Cvoid},), s.ios)
base/iostream.jl	406	A	julia-runtime	#9570	Julia runtime primitive mirrored by VM/compiler metadata or a curated Rust intrinsic.	nb = ccall(:jl_nb_available, Int32, (Ptr{Cvoid},), s.ios)
base/iostream.jl	408	A	os-libuv-io	#9570	If supported, this must be a curated Rust host/OS boundary with WASM+iOS fallbacks.	ccall(:ios_fillbuf, Cssize_t, (Ptr{Cvoid},), s.ios)
base/iostream.jl	409	A	julia-runtime	#9570	Julia runtime primitive mirrored by VM/compiler metadata or a curated Rust intrinsic.	nb = ccall(:jl_nb_available, Int32, (Ptr{Cvoid},), s.ios)
base/iostream.jl	412	A	os-libuv-io	#9570	If supported, this must be a curated Rust host/OS boundary with WASM+iOS fallbacks.	nr = ccall(:ios_readall, Csize_t, (Ptr{Cvoid}, Ptr{Cvoid}, Csize_t), s, a, nb)
base/iostream.jl	422	A	os-libuv-io	#9570	If supported, this must be a curated Rust host/OS boundary with WASM+iOS fallbacks.	b = @_lock_ios s ccall(:ios_getc, Cint, (Ptr{Cvoid},), s.ios)
base/iostream.jl	435	A	julia-runtime	#9570	Julia runtime primitive mirrored by VM/compiler metadata or a curated Rust intrinsic.	if ccall(:jl_ios_buffer_n, Cint, (Ptr{Cvoid}, Csize_t), s.ios, n) != 0
base/iostream.jl	439	A	julia-runtime	#9570	Julia runtime primitive mirrored by VM/compiler metadata or a curated Rust intrinsic.	x = ccall(:jl_ios_get_nbyte_int, UInt64, (Ptr{Cvoid}, Csize_t), s.ios, n) % T
base/iostream.jl	450	A	os-libuv-io	#9570	If supported, this must be a curated Rust host/OS boundary with WASM+iOS fallbacks.	nr = @_lock_ios s ccall(:ios_readall, Csize_t, (Ptr{Cvoid}, Ptr{Cvoid}, Csize_t), s, p, nb)
base/iostream.jl	460	A	julia-runtime	#9570	Julia runtime primitive mirrored by VM/compiler metadata or a curated Rust intrinsic.	@_lock_ios s ccall(:jl_take_buffer, Vector{UInt8}, (Ptr{Cvoid},), s.ios)
base/iostream.jl	463	A	julia-runtime	#9570	Julia runtime primitive mirrored by VM/compiler metadata or a curated Rust intrinsic.	@_lock_ios s ccall(:jl_readuntil, Array{UInt8,1}, (Ptr{Cvoid}, UInt8, UInt8, UInt8), s.ios, delim, 0, !keep)
base/iostream.jl	468	A	julia-runtime	#9570	Julia runtime primitive mirrored by VM/compiler metadata or a curated Rust intrinsic.	@_lock_ios s ccall(:jl_readuntil, Ref{String}, (Ptr{Cvoid}, UInt8, UInt8, UInt8), s.ios, delim, 1, !keep)
base/iostream.jl	475	A	julia-runtime	#9570	Julia runtime primitive mirrored by VM/compiler metadata or a curated Rust intrinsic.	@_lock_ios s ccall(:jl_readuntil, Ref{String}, (Ptr{Cvoid}, UInt8, UInt8, UInt8), s.ios, '\n', 1, keep ? 0 : 2)
base/iostream.jl	485	A	julia-runtime	#9570	Julia runtime primitive mirrored by VM/compiler metadata or a curated Rust intrinsic.	Int(ccall(:jl_readuntil_buf, Csize_t, (Ptr{Cvoid}, UInt8, Ptr{UInt8}, Csize_t),
base/iostream.jl	503	A	os-libuv-io	#9570	If supported, this must be a curated Rust host/OS boundary with WASM+iOS fallbacks.	@_lock_ios out @_lock_ios s ccall(:ios_copyuntil, Csize_t,
base/iostream.jl	523	A	os-libuv-io	#9570	If supported, this must be a curated Rust host/OS boundary with WASM+iOS fallbacks.	thisr = Int(ccall(:ios_readall, Csize_t, (Ptr{Cvoid}, Ptr{Cvoid}, Csize_t),
base/iostream.jl	543	A	os-libuv-io	#9570	If supported, this must be a curated Rust host/OS boundary with WASM+iOS fallbacks.	nr = GC.@preserve b Int(ccall(:ios_read, Csize_t, (Ptr{Cvoid}, Ptr{Cvoid}, Csize_t),
base/iostream.jl	575	A	os-libuv-io	#9570	If supported, this must be a curated Rust host/OS boundary with WASM+iOS fallbacks.	nb = ccall(:ios_fillbuf, Cssize_t, (Ptr{Cvoid},), s.ios)
base/iostream.jl	622	A	os-libuv-io	#9570	If supported, this must be a curated Rust host/OS boundary with WASM+iOS fallbacks.	b = @_lock_ios s ccall(:ios_peekc, Cint, (Ptr{Cvoid},), s.ios)
base/io.jl	880	A	string-memory	#9570	Memory/string primitives must be VM-owned or pure-Rust helpers, not arbitrary native calls.	return unsafe_write(io, pname, ccall(:strlen, Csize_t, (Cstring,), pname))
base/irrationals.jl	256	A	mpfr-bigfloat	#9290	MPFR-backed constant generation is mirrored through the shared VM numeric surface, not exposed as arbitrary ccall.	ccall(($(string("mpfr_const_", def)), :libmpfr),
base/libc.jl	46	A	os-libuv-io	#9570	If supported, this must be a curated Rust host/OS boundary with WASM+iOS fallbacks.	dup(x::RawFD) = ccall((@static Sys.iswindows() ? :_dup : :dup), RawFD, (RawFD,), x)
base/libc.jl	48	A	os-libuv-io	#9570	If supported, this must be a curated Rust host/OS boundary with WASM+iOS fallbacks.	ccall((@static Sys.iswindows() ? :_dup2 : :dup2), Int32,
base/libc.jl	65	A	os-libuv-io	#9570	If supported, this must be a curated Rust host/OS boundary with WASM+iOS fallbacks.	_get_osfhandle(fd::RawFD) = ccall(:_get_osfhandle, WindowsRawSocket, (RawFD,), fd)
base/libc.jl	69	A	os-libuv-io	#9570	If supported, this must be a curated Rust host/OS boundary with WASM+iOS fallbacks.	my_process = ccall(:GetCurrentProcess, stdcall, Ptr{Cvoid}, ())
base/libc.jl	71	A	os-libuv-io	#9570	If supported, this must be a curated Rust host/OS boundary with WASM+iOS fallbacks.	status = ccall(:DuplicateHandle, stdcall, Int32,
base/libc.jl	78	A	os-libuv-io	#9570	If supported, this must be a curated Rust host/OS boundary with WASM+iOS fallbacks.	fd = ccall(:_open_osfhandle, RawFD, (WindowsRawSocket, Int32), dup(src), 0)
base/libc.jl	80	A	os-libuv-io	#9570	If supported, this must be a curated Rust host/OS boundary with WASM+iOS fallbacks.	ccall(:_close, Int32, (RawFD,), fd)
base/libc.jl	109	A	os-libuv-io	#9570	If supported, this must be a curated Rust host/OS boundary with WASM+iOS fallbacks.	ccall(:fputs, Cint, (Cstring, Ptr{FILE}), "hello world", file)
base/libc.jl	126	A	os-libuv-io	#9570	If supported, this must be a curated Rust host/OS boundary with WASM+iOS fallbacks.	FILEp = ccall((@static Sys.iswindows() ? :_fdopen : :fdopen), Ptr{Cvoid}, (Cint, Cstring), fd, mode)
base/libc.jl	138	A	os-libuv-io	#9570	If supported, this must be a curated Rust host/OS boundary with WASM+iOS fallbacks.	Base.close(f::FILE) = systemerror("fclose", ccall(:fclose, Cint, (Ptr{Cvoid},), f.ptr) != 0)
base/libc.jl	141	A	os-libuv-io	#9570	If supported, this must be a curated Rust host/OS boundary with WASM+iOS fallbacks.	systemerror("fseek", ccall(:fseek, Cint, (Ptr{Cvoid}, Clong, Cint),
base/libc.jl	146	A	os-libuv-io	#9570	If supported, this must be a curated Rust host/OS boundary with WASM+iOS fallbacks.	Base.position(h::FILE) = ccall(:ftell, Clong, (Ptr{Cvoid},), h.ptr)
base/libc.jl	155	A	julia-runtime	#9570	Julia runtime primitive mirrored by VM/compiler metadata or a curated Rust intrinsic.	flush_cstdio() = ccall(:jl_flush_cstdio, Cvoid, ())
base/libc.jl	161	A	os-libuv-io	#9570	If supported, this must be a curated Rust host/OS boundary with WASM+iOS fallbacks.	systemsleep(s::Real) = ccall(:usleep, Int32, (UInt32,), round(UInt32, s*1e6))
base/libc.jl	164	A	os-libuv-io	#9570	If supported, this must be a curated Rust host/OS boundary with WASM+iOS fallbacks.	ccall(:Sleep, stdcall, Cvoid, (UInt32,), round(UInt32, s * 1e3))
base/libc.jl	188	A	julia-runtime	#9570	Julia runtime primitive mirrored by VM/compiler metadata or a curated Rust intrinsic.	status = ccall(:jl_gettimeofday, Cint, (Ref{TimeVal},), tv)
base/libc.jl	223	A	os-libuv-io	#9570	If supported, this must be a curated Rust host/OS boundary with WASM+iOS fallbacks.	ccall(:localtime_r, Ptr{TmStruct}, (Ref{Int}, Ref{TmStruct}), t, tm)
base/libc.jl	240	A	os-libuv-io	#9570	If supported, this must be a curated Rust host/OS boundary with WASM+iOS fallbacks.	n = ccall(:wcsftime, Csize_t, (Ptr{Cwchar_t}, Csize_t, Cwstring, Ref{TmStruct}),
base/libc.jl	259	A	os-libuv-io	#9570	If supported, this must be a curated Rust host/OS boundary with WASM+iOS fallbacks.	r = ccall(:strptime, Cstring, (Cstring, Cstring, Ref{TmStruct}), timestr, fmt, tm)
base/libc.jl	272	A	os-libuv-io	#9570	If supported, this must be a curated Rust host/OS boundary with WASM+iOS fallbacks.	ccall(:mktime, Int, (Ref{TmStruct},), tm)
base/libc.jl	285	A	os-libuv-io	#9570	If supported, this must be a curated Rust host/OS boundary with WASM+iOS fallbacks.	time(tm::TmStruct) = Float64(ccall(:mktime, Int, (Ref{TmStruct},), tm))
base/libc.jl	294	A	julia-runtime	#9570	Julia runtime primitive mirrored by VM/compiler metadata or a curated Rust intrinsic.	time() = ccall(:jl_clock_now, Float64, ())
base/libc.jl	303	A	os-libuv-io	#9570	If supported, this must be a curated Rust host/OS boundary with WASM+iOS fallbacks.	getpid() = ccall(:uv_os_getpid, Int32, ())
base/libc.jl	315	A	os-libuv-io	#9570	If supported, this must be a curated Rust host/OS boundary with WASM+iOS fallbacks.	ccall(:gethostname, stdcall, Int32, (Ptr{UInt8}, UInt32), hn, length(hn))
base/libc.jl	317	A	os-libuv-io	#9570	If supported, this must be a curated Rust host/OS boundary with WASM+iOS fallbacks.	ccall(:gethostname, Int32, (Ptr{UInt8}, UInt), hn, length(hn))
base/libc.jl	335	A	julia-runtime	#9570	Julia runtime primitive mirrored by VM/compiler metadata or a curated Rust intrinsic.	errno() = ccall(:jl_errno, Cint, ())
base/libc.jl	336	A	julia-runtime	#9570	Julia runtime primitive mirrored by VM/compiler metadata or a curated Rust intrinsic.	errno(e::Integer) = ccall(:jl_set_errno, Cvoid, (Cint,), e)
base/libc.jl	343	A	os-libuv-io	#9570	If supported, this must be a curated Rust host/OS boundary with WASM+iOS fallbacks.	strerror(e::Integer) = unsafe_string(ccall(:strerror, Cstring, (Int32,), e))
base/libc.jl	361	A	os-libuv-io	#9570	If supported, this must be a curated Rust host/OS boundary with WASM+iOS fallbacks.	GetLastError() = ccall(:GetLastError, stdcall, UInt32, ())
base/libc.jl	371	A	os-libuv-io	#9570	If supported, this must be a curated Rust host/OS boundary with WASM+iOS fallbacks.	len = ccall(:FormatMessageW, stdcall, UInt32, (UInt32, Ptr{Cvoid}, UInt32, UInt32, Ptr{Ptr{UInt16}}, UInt32, Ptr{Cvoid}),
base/libc.jl	378	A	os-libuv-io	#9570	If supported, this must be a curated Rust host/OS boundary with WASM+iOS fallbacks.	ccall(:LocalFree, stdcall, Ptr{Cvoid}, (Ptr{Cvoid},), p)
base/libc.jl	392	A	os-libuv-io	#9570	If supported, this must be a curated Rust host/OS boundary with WASM+iOS fallbacks.	free(p::Ptr) = ccall(:free, Cvoid, (Ptr{Cvoid},), p)
base/libc.jl	401	A	os-libuv-io	#9570	If supported, this must be a curated Rust host/OS boundary with WASM+iOS fallbacks.	malloc(size::Integer) = ccall(:malloc, Ptr{Cvoid}, (Csize_t,), size)
base/libc.jl	411	A	os-libuv-io	#9570	If supported, this must be a curated Rust host/OS boundary with WASM+iOS fallbacks.	realloc(p::Ptr, size::Integer) = ccall(:realloc, Ptr{Cvoid}, (Ptr{Cvoid}, Csize_t), p, size)
base/libc.jl	418	A	os-libuv-io	#9570	If supported, this must be a curated Rust host/OS boundary with WASM+iOS fallbacks.	calloc(num::Integer, size::Integer) = ccall(:calloc, Ptr{Cvoid}, (Csize_t, Csize_t), num, size)
base/libc.jl	426	A	os-libuv-io	#9570	If supported, this must be a curated Rust host/OS boundary with WASM+iOS fallbacks.	ret = ccall(:uv_random, Cint, (Ptr{Cvoid}, Ptr{Cvoid}, Ptr{Cvoid}, Csize_t,   Cuint, Ptr{Cvoid}),
base/libc.jl	441	A	julia-runtime	#9570	Julia runtime primitive mirrored by VM/compiler metadata or a curated Rust intrinsic.	rand() = ccall(:jl_rand, UInt64, ()) % UInt32
base/libc.jl	451	A	julia-runtime	#9570	Julia runtime primitive mirrored by VM/compiler metadata or a curated Rust intrinsic.	ccall(:jl_srand, Cvoid, (UInt64,), seed % UInt64)
base/libc.jl	471	A	os-libuv-io	#9570	If supported, this must be a curated Rust host/OS boundary with WASM+iOS fallbacks.	ret = ccall(:mkfifo, Cint, (Cstring, Base.Cmode_t), path, mode)
base/libc.jl	514	A	os-libuv-io	#9570	If supported, this must be a curated Rust host/OS boundary with WASM+iOS fallbacks.	ret = ccall(:uv_os_get_passwd, Cint, (Ref{Cpasswd},), ref_pd)
base/libc.jl	526	A	os-libuv-io	#9570	If supported, this must be a curated Rust host/OS boundary with WASM+iOS fallbacks.	ccall(:uv_os_free_passwd, Cvoid, (Ref{Cpasswd},), ref_pd)
base/libc.jl	532	A	os-libuv-io	#9570	If supported, this must be a curated Rust host/OS boundary with WASM+iOS fallbacks.	ret = ccall(:uv_os_get_passwd2, Cint, (Ref{Cpasswd}, Culong), ref_pd, uid)
base/libc.jl	546	A	os-libuv-io	#9570	If supported, this must be a curated Rust host/OS boundary with WASM+iOS fallbacks.	ccall(:uv_os_free_passwd, Cvoid, (Ref{Cpasswd},), ref_pd)
base/libc.jl	552	A	os-libuv-io	#9570	If supported, this must be a curated Rust host/OS boundary with WASM+iOS fallbacks.	ret = ccall(:uv_os_get_group, Cint, (Ref{Cgroup}, Culong), ref_gp, gid)
base/libc.jl	571	A	os-libuv-io	#9570	If supported, this must be a curated Rust host/OS boundary with WASM+iOS fallbacks.	ccall(:uv_os_free_group, Cvoid, (Ref{Cgroup},), ref_gp)
base/libc.jl	575	A	julia-runtime	#9570	Julia runtime primitive mirrored by VM/compiler metadata or a curated Rust intrinsic.	getuid() = ccall(:jl_getuid, Culong, ())
base/libc.jl	576	A	julia-runtime	#9570	Julia runtime primitive mirrored by VM/compiler metadata or a curated Rust intrinsic.	geteuid() = ccall(:jl_geteuid, Culong, ())
base/libdl.jl	62	A	julia-runtime	#9570	Julia runtime primitive mirrored by VM/compiler metadata or a curated Rust intrinsic.	symbol_found = ccall(:jl_dlsym, Cint,
base/libdl.jl	120	A	julia-runtime	#9570	Julia runtime primitive mirrored by VM/compiler metadata or a curated Rust intrinsic.	ret = ccall(:jl_load_dynamic_library, Ptr{Cvoid}, (Cstring,UInt32,Cint), s, flags, Cint(throw_error))
base/libdl.jl	168	A	julia-runtime	#9570	Julia runtime primitive mirrored by VM/compiler metadata or a curated Rust intrinsic.	0 == ccall(:jl_dlclose, Cint, (Ptr{Cvoid},), p)
base/libdl.jl	226	A	julia-runtime	#9570	Julia runtime primitive mirrored by VM/compiler metadata or a curated Rust intrinsic.	p = ccall(:jl_pathname_for_handle, Cstring, (Ptr{Cvoid},), handle)
base/libdl.jl	298	C	dynamic-loader	#9570	Dynamic library loading is incompatible with the shared WASM+iOS requirement.	numImages = ccall(:_dyld_image_count, Cint, ())
base/libdl.jl	302	C	dynamic-loader	#9570	Dynamic library loading is incompatible with the shared WASM+iOS requirement.	name = unsafe_string(ccall(:_dyld_get_image_name, Cstring, (UInt32,), i))
base/libdl.jl	308	C	dynamic-loader	#9570	Dynamic library loading is incompatible with the shared WASM+iOS requirement.	ccall(:dl_iterate_phdr, Cint, (Ptr{Cvoid}, Ref{Vector{String}}), callback, dynamic_libraries)
base/libdl.jl	312	A	julia-runtime	#9570	Julia runtime primitive mirrored by VM/compiler metadata or a curated Rust intrinsic.	ccall(:jl_dllist, Cint, (Any,), dynamic_libraries)
base/libdl.jl	363	C	dynamic-loader	#9570	Dynamic library loading is incompatible with the shared WASM+iOS requirement.	in a `dlopen()`, `dlsym()`, or `ccall()` usage.  While this structure contains the
base/libdl.jl	365	C	dynamic-loader	#9570	Dynamic library loading is incompatible with the shared WASM+iOS requirement.	should be used sparingly, as it is not expected that `ccall()` should result in large
base/libdl.jl	366	C	dynamic-loader	#9570	Dynamic library loading is incompatible with the shared WASM+iOS requirement.	amounts of Julia code being run.  You may call `ccall()` from within the
base/libdl.jl	405	C	docs-example	#9570	Commented/documentation-only native call text is not a shipped sjulia surface.	# Register `jl_libdl_dlopen_func` so that `ccall()` lowering knows
base/libuv.jl	12	A	os-libuv-io	#9570	If supported, this must be a curated Rust host/OS boundary with WASM+iOS fallbacks.	return ccall(:uv_handle_size, Csize_t, (Int32,), handle)
base/libuv.jl	19	A	os-libuv-io	#9570	If supported, this must be a curated Rust host/OS boundary with WASM+iOS fallbacks.	return ccall(:uv_req_size, Csize_t, (Int32,), req)
base/libuv.jl	29	A	os-libuv-io	#9570	If supported, this must be a curated Rust host/OS boundary with WASM+iOS fallbacks.	uv_handle_data(handle) = ccall(:uv_handle_get_data, Ptr{Cvoid}, (Ptr{Cvoid},), handle)
base/libuv.jl	30	A	os-libuv-io	#9570	If supported, this must be a curated Rust host/OS boundary with WASM+iOS fallbacks.	uv_req_data(handle) = ccall(:uv_req_get_data, Ptr{Cvoid}, (Ptr{Cvoid},), handle)
base/libuv.jl	31	A	os-libuv-io	#9570	If supported, this must be a curated Rust host/OS boundary with WASM+iOS fallbacks.	uv_req_set_data(req, data) = ccall(:uv_req_set_data, Cvoid, (Ptr{Cvoid}, Any), req, data)
base/libuv.jl	32	A	os-libuv-io	#9570	If supported, this must be a curated Rust host/OS boundary with WASM+iOS fallbacks.	uv_req_set_data(req, data::Ptr{Cvoid}) = ccall(:uv_handle_set_data, Cvoid, (Ptr{Cvoid}, Ptr{Cvoid}), req, data)
base/libuv.jl	49	A	julia-runtime	#9570	Julia runtime primitive mirrored by VM/compiler metadata or a curated Rust intrinsic.	ccall(:jl_uv_associate_julia_struct, Cvoid, (Ptr{Cvoid}, Any), handle, jlobj)
base/libuv.jl	53	A	julia-runtime	#9570	Julia runtime primitive mirrored by VM/compiler metadata or a curated Rust intrinsic.	handle != C_NULL && ccall(:jl_uv_disassociate_julia_struct, Cvoid, (Ptr{Cvoid},), handle)
base/libuv.jl	55	A	julia-runtime	#9570	Julia runtime primitive mirrored by VM/compiler metadata or a curated Rust intrinsic.	iolock_begin() = ccall(:jl_iolock_begin, Cvoid, ())
base/libuv.jl	56	A	julia-runtime	#9570	Julia runtime primitive mirrored by VM/compiler metadata or a curated Rust intrinsic.	iolock_end() = ccall(:jl_iolock_end, Cvoid, ())
base/libuv.jl	109	A	os-libuv-io	#9570	If supported, this must be a curated Rust host/OS boundary with WASM+iOS fallbacks.	struverror(err::Int32) = unsafe_string(ccall(:uv_strerror, Cstring, (Int32,), err))
base/libuv.jl	110	A	os-libuv-io	#9570	If supported, this must be a curated Rust host/OS boundary with WASM+iOS fallbacks.	uverrorname(err::Int32) = unsafe_string(ccall(:uv_err_name, Cstring, (Int32,), err))
base/libuv.jl	118	A	julia-runtime	#9570	Julia runtime primitive mirrored by VM/compiler metadata or a curated Rust intrinsic.	eventloop() = ccall(:jl_global_event_loop, Ptr{Cvoid}, ())
base/libuv.jl	122	A	os-libuv-io	#9570	If supported, this must be a curated Rust host/OS boundary with WASM+iOS fallbacks.	ccall(:uv_unref, Cvoid, (Ptr{Cvoid},), h)
base/libuv.jl	128	A	os-libuv-io	#9570	If supported, this must be a curated Rust host/OS boundary with WASM+iOS fallbacks.	ccall(:uv_ref, Cvoid, (Ptr{Cvoid},), h)
base/libuv.jl	133	A	julia-runtime	#9570	Julia runtime primitive mirrored by VM/compiler metadata or a curated Rust intrinsic.	return ccall(:jl_process_events, Int32, ())
base/libuv.jl	148	A	julia-runtime	#9570	Julia runtime primitive mirrored by VM/compiler metadata or a curated Rust intrinsic.	global stdin = init_stdio(ccall(:jl_stdin_stream, Ptr{Cvoid}, ()))::IO
base/libuv.jl	149	A	julia-runtime	#9570	Julia runtime primitive mirrored by VM/compiler metadata or a curated Rust intrinsic.	global stdout = init_stdio(ccall(:jl_stdout_stream, Ptr{Cvoid}, ()))::IO
base/libuv.jl	150	A	julia-runtime	#9570	Julia runtime primitive mirrored by VM/compiler metadata or a curated Rust intrinsic.	global stderr = init_stdio(ccall(:jl_stderr_stream, Ptr{Cvoid}, ()))::IO
base/linking.jl	126	A	julia-runtime	#9570	Julia runtime primitive mirrored by VM/compiler metadata or a curated Rust intrinsic.	is_debug() = ccall(:jl_is_debugbuild, Cint, ()) == 1
base/loading.jl	53	A	os-libuv-io	#9570	If supported, this must be a curated Rust host/OS boundary with WASM+iOS fallbacks.	ret = ccall(:getattrlist, Cint,
base/loading.jl	1300	A	julia-runtime	#9570	Julia runtime primitive mirrored by VM/compiler metadata or a curated Rust intrinsic.	ccall(:jl_restore_package_image_from_file, Any, (Cstring, Any, Cint, Cstring, Cint),
base/loading.jl	1304	A	julia-runtime	#9570	Julia runtime primitive mirrored by VM/compiler metadata or a curated Rust intrinsic.	ccall(:jl_restore_incremental, Any, (Cstring, Any, Cint, Cstring),
base/loading.jl	1445	A	julia-runtime	#9570	Julia runtime primitive mirrored by VM/compiler metadata or a curated Rust intrinsic.	ccall(:jl_init_restored_module, Cvoid, (Any,), mod)
base/loading.jl	1451	A	julia-runtime	#9570	Julia runtime primitive mirrored by VM/compiler metadata or a curated Rust intrinsic.	ccall(:jl_init_restored_module, Cvoid, (Any,), mod)
base/loading.jl	1707	A	julia-runtime	#9570	Julia runtime primitive mirrored by VM/compiler metadata or a curated Rust intrinsic.	function CacheFlags(cf::CacheFlags=CacheFlags(ccall(:jl_cache_flags, UInt8, ()));
base/loading.jl	2533	A	julia-runtime	#9570	Julia runtime primitive mirrored by VM/compiler metadata or a curated Rust intrinsic.	hi, lo = ccall(:jl_module_build_id, NTuple{2,UInt64}, (Any,), m)
base/loading.jl	2717	A	julia-runtime	#9570	Julia runtime primitive mirrored by VM/compiler metadata or a curated Rust intrinsic.	old_uuid = ccall(:jl_module_uuid, NTuple{2, UInt64}, (Any,), __toplevel__)
base/loading.jl	2719	A	julia-runtime	#9570	Julia runtime primitive mirrored by VM/compiler metadata or a curated Rust intrinsic.	ccall(:jl_set_module_uuid, Cvoid, (Any, NTuple{2, UInt64}), __toplevel__, uuid)
base/loading.jl	2728	A	julia-runtime	#9570	Julia runtime primitive mirrored by VM/compiler metadata or a curated Rust intrinsic.	ccall(:jl_set_module_uuid, Cvoid, (Any, NTuple{2, UInt64}), __toplevel__, old_uuid)
base/loading.jl	3021	A	julia-runtime	#9570	Julia runtime primitive mirrored by VM/compiler metadata or a curated Rust intrinsic.	ccall(:jl_set_module_uuid, Cvoid, (Any, NTuple{2, UInt64}), Base.__toplevel__, uuid_tuple)
base/loading.jl	3026	A	julia-runtime	#9570	Julia runtime primitive mirrored by VM/compiler metadata or a curated Rust intrinsic.	ccall(:jl_set_newly_inferred, Cvoid, (Any,), newly_inferred)
base/loading.jl	3034	A	julia-runtime	#9570	Julia runtime primitive mirrored by VM/compiler metadata or a curated Rust intrinsic.	ccall(:jl_set_newly_inferred, Cvoid, (Any,), nothing)
base/loading.jl	3043	A	julia-runtime	#9570	Julia runtime primitive mirrored by VM/compiler metadata or a curated Rust intrinsic.	ccall(:jl_set_newly_inferred, Cvoid, (Any,), newly_inferred)
base/loading.jl	3341	A	julia-runtime	#9570	Julia runtime primitive mirrored by VM/compiler metadata or a curated Rust intrinsic.	mod = ccall(:jl_object_top_module, Any, (Any,), obj)
base/loading.jl	3350	A	julia-runtime	#9570	Julia runtime primitive mirrored by VM/compiler metadata or a curated Rust intrinsic.	checksum = ccall(:jl_read_verify_header, UInt64, (Ptr{Cvoid}, Ptr{UInt8}, Ptr{Int64}, Ptr{Int64}), f.ios, pkgimage, Ref{Int64}(), Ref{Int64}()) # returns checksum id or zero
base/loading.jl	3857	A	julia-runtime	#9570	Julia runtime primitive mirrored by VM/compiler metadata or a curated Rust intrinsic.	rejection_reason = ccall(:jl_check_pkgimage_clones, Any, (Ptr{Cchar},), clone_targets)
base/loading.jl	3993	A	julia-runtime	#9570	Julia runtime primitive mirrored by VM/compiler metadata or a curated Rust intrinsic.	if @ccall(jl_match_cache_flags(_cacheflag_to_uint8(requested_flags)::UInt8, actual_flags::UInt8)::UInt8) == 0
base/loading.jl	4208	A	julia-runtime	#9570	Julia runtime primitive mirrored by VM/compiler metadata or a curated Rust intrinsic.	ccall(:jl_add_to_module_init_list, Cvoid, (Any,), Compiler)
base/loading.jl	4229	A	julia-runtime	#9570	Julia runtime primitive mirrored by VM/compiler metadata or a curated Rust intrinsic.	ret = ccall(:jl_compile_hint, Int32, (Any,), argt) != 0
base/loading.jl	4238	A	julia-runtime	#9570	Julia runtime primitive mirrored by VM/compiler metadata or a curated Rust intrinsic.	(ccall(:jl_compile_method_instance, Cvoid, (Any, Ptr{Cvoid}, UInt), mi, C_NULL, world); return true)
base/loading.jl	4252	A	julia-runtime	#9570	Julia runtime primitive mirrored by VM/compiler metadata or a curated Rust intrinsic.	atype, sparams = ccall(:jl_type_intersection_with_env, Any, (Any, Any), argt, m.sig)::SimpleVector
base/locks-mt.jl	46	A	julia-runtime	#9570	Julia runtime primitive mirrored by VM/compiler metadata or a curated Rust intrinsic.	ccall(:jl_cpu_suspend, Cvoid, ())
base/locks-mt.jl	48	A	julia-runtime	#9570	Julia runtime primitive mirrored by VM/compiler metadata or a curated Rust intrinsic.	ccall(:jl_gc_safepoint, Cvoid, ())
base/locks-mt.jl	69	A	julia-runtime	#9570	Julia runtime primitive mirrored by VM/compiler metadata or a curated Rust intrinsic.	ccall(:jl_cpu_wake, Cvoid, ())
base/lock.jl	10	A	julia-runtime	#9570	Julia runtime primitive mirrored by VM/compiler metadata or a curated Rust intrinsic.	current_task() = ccall(:jl_get_current_task, Ref{Task}, ())
base/lock.jl	725	A	julia-runtime	#9570	Julia runtime primitive mirrored by VM/compiler metadata or a curated Rust intrinsic.	ccall(:jl_set_precompile_field_replace, Cvoid, (Any, Any, Any),
base/lock.jl	727	A	julia-runtime	#9570	Julia runtime primitive mirrored by VM/compiler metadata or a curated Rust intrinsic.	ccall(:jl_set_precompile_field_replace, Cvoid, (Any, Any, Any),
base/lock.jl	859	A	julia-runtime	#9570	Julia runtime primitive mirrored by VM/compiler metadata or a curated Rust intrinsic.	ccall(:jl_set_precompile_field_replace, Cvoid, (Any, Any, Any),
base/lock.jl	861	A	julia-runtime	#9570	Julia runtime primitive mirrored by VM/compiler metadata or a curated Rust intrinsic.	ccall(:jl_set_precompile_field_replace, Cvoid, (Any, Any, Any),
base/meta.jl	163	A	julia-runtime	#9570	Julia runtime primitive mirrored by VM/compiler metadata or a curated Rust intrinsic.	lower(m::Module, @nospecialize(x)) = ccall(:jl_expand, Any, (Any, Any), x, m)
base/meta.jl	483	A	julia-runtime	#9570	Julia runtime primitive mirrored by VM/compiler metadata or a curated Rust intrinsic.	_instantiate_type_in_env(x, spsig, spvals) = ccall(:jl_instantiate_type_in_env, Any, (Any, Any, Ptr{Any}), x, spsig, spvals)
base/methodshow.jl	50	A	julia-runtime	#9570	Julia runtime primitive mirrored by VM/compiler metadata or a curated Rust intrinsic.	argnames = ccall(:jl_uncompress_argnames, Vector{Symbol}, (Any,), m.slot_syms)
base/methodshow.jl	84	A	julia-runtime	#9570	Julia runtime primitive mirrored by VM/compiler metadata or a curated Rust intrinsic.	kwli = ccall(:jl_methtable_lookup, Any, (Any, UInt), sig, get_world_counter())
base/methodshow.jl	87	A	julia-runtime	#9570	Julia runtime primitive mirrored by VM/compiler metadata or a curated Rust intrinsic.	slotnames = ccall(:jl_uncompress_argnames, Vector{Symbol}, (Any,), kwli.slot_syms)
base/mpfr.jl	43	A	mpfr-bigfloat	#9290	Current policy is pure-Rust astro-float/BigFloat surface; MPFR dual-build would require a separate ADR.	version() = VersionNumber(unsafe_string(ccall((:mpfr_get_version,libmpfr), Ptr{Cchar}, ())))
base/mpfr.jl	44	A	mpfr-bigfloat	#9290	Current policy is pure-Rust astro-float/BigFloat surface; MPFR dual-build would require a separate ADR.	patches() = split(unsafe_string(ccall((:mpfr_get_patches,libmpfr), Ptr{Cchar}, ())),' ')
base/mpfr.jl	155	A	mpfr-bigfloat	#9290	Current policy is pure-Rust astro-float/BigFloat surface; MPFR dual-build would require a separate ADR.	nb = ccall((:mpfr_custom_get_size,libmpfr), Csize_t, (Clong,), precision)
base/mpfr.jl	159	C	docs-example	#9290	Commented/documentation-only native call text is not a shipped sjulia surface.	#ccall((:mpfr_custom_init,libmpfr), Cvoid, (Ptr{Limb}, Clong), BigFloatData(d), prec) # currently seems to be a no-op in mpfr
base/mpfr.jl	161	C	docs-example	#9290	Commented/documentation-only native call text is not a shipped sjulia surface.	#ccall((:mpfr_custom_init_set,libmpfr), Cvoid, (Ref{BigFloat}, Cint, Clong, Ptr{Limb}), z, NAN_KIND, prec, BigFloatData(d))
base/mpfr.jl	307	A	mpfr-bigfloat	#9290	Current policy is pure-Rust astro-float/BigFloat surface; MPFR dual-build would require a separate ADR.	ccall((:mpfr_set, libmpfr), Int32, (Ref{BigFloat}, Ref{BigFloat}, MPFRRoundingMode),
base/mpfr.jl	315	A	mpfr-bigfloat	#9290	Current policy is pure-Rust astro-float/BigFloat surface; MPFR dual-build would require a separate ADR.	ccall((:mpfr_set, libmpfr), Int32, (Ref{BigFloat}, Ref{BigFloat}, Int32), z, x, 0)
base/mpfr.jl	324	A	mpfr-bigfloat	#9290	Current policy is pure-Rust astro-float/BigFloat surface; MPFR dual-build would require a separate ADR.	ccall(($(string(:mpfr_set_,fJ)), libmpfr), Int32, (Ref{BigFloat}, $fC, MPFRRoundingMode), z, x, r)
base/mpfr.jl	335	A	mpfr-bigfloat	#9290	Current policy is pure-Rust astro-float/BigFloat surface; MPFR dual-build would require a separate ADR.	ccall((:mpfr_set_d, libmpfr), Int32, (Ref{BigFloat}, Float64, MPFRRoundingMode), z, x, r)
base/mpfr.jl	376	A	mpfr-bigfloat	#9290	Current policy is pure-Rust astro-float/BigFloat surface; MPFR dual-build would require a separate ADR.	ccall((:mpfr_set_z, libmpfr), Int32, (Ref{BigFloat}, Ref{BigInt}, MPFRRoundingMode), z, x, r)
base/mpfr.jl	410	A	mpfr-bigfloat	#9290	Current policy is pure-Rust astro-float/BigFloat surface; MPFR dual-build would require a separate ADR.	err = ccall((:mpfr_set_str, libmpfr), Int32, (Ref{BigFloat}, Cstring, Int32, MPFRRoundingMode), z, s, base, rounding)
base/mpfr.jl	431	A	mpfr-bigfloat	#9290	Current policy is pure-Rust astro-float/BigFloat surface; MPFR dual-build would require a separate ADR.	ccall((:__gmpfr_mpfr_get_sj,libmpfr), Cintmax_t, (Ref{BigFloat}, MPFRRoundingMode), x, r)
base/mpfr.jl	435	A	mpfr-bigfloat	#9290	Current policy is pure-Rust astro-float/BigFloat surface; MPFR dual-build would require a separate ADR.	ccall((:__gmpfr_mpfr_get_uj,libmpfr), Cuintmax_t, (Ref{BigFloat}, MPFRRoundingMode), x, r)
base/mpfr.jl	440	A	mpfr-bigfloat	#9290	Current policy is pure-Rust astro-float/BigFloat surface; MPFR dual-build would require a separate ADR.	ccall((:mpfr_get_z, libmpfr), Int32, (Ref{BigInt}, Ref{BigFloat}, MPFRRoundingMode), z, x, r)
base/mpfr.jl	579	A	mpfr-bigfloat	#9290	Current policy is pure-Rust astro-float/BigFloat surface; MPFR dual-build would require a separate ADR.	ccall(($(string(:mpfr_,fC)),libmpfr), Int32, (Ref{BigFloat}, Ref{BigFloat}, Ref{BigFloat}, MPFRRoundingMode), z, x, y, rounding_raw(BigFloat))
base/mpfr.jl	586	A	mpfr-bigfloat	#9290	Current policy is pure-Rust astro-float/BigFloat surface; MPFR dual-build would require a separate ADR.	ccall(($(string(:mpfr_,fC,:_ui)), libmpfr), Int32, (Ref{BigFloat}, Ref{BigFloat}, Culong, MPFRRoundingMode), z, x, c, rounding_raw(BigFloat))
base/mpfr.jl	594	A	mpfr-bigfloat	#9290	Current policy is pure-Rust astro-float/BigFloat surface; MPFR dual-build would require a separate ADR.	ccall(($(string(:mpfr_,fC,:_si)), libmpfr), Int32, (Ref{BigFloat}, Ref{BigFloat}, Clong, MPFRRoundingMode), z, x, c, rounding_raw(BigFloat))
base/mpfr.jl	602	A	mpfr-bigfloat	#9290	Current policy is pure-Rust astro-float/BigFloat surface; MPFR dual-build would require a separate ADR.	ccall(($(string(:mpfr_,fC,:_d)), libmpfr), Int32, (Ref{BigFloat}, Ref{BigFloat}, Cdouble, MPFRRoundingMode), z, x, c, rounding_raw(BigFloat))
base/mpfr.jl	610	A	mpfr-bigfloat	#9290	Current policy is pure-Rust astro-float/BigFloat surface; MPFR dual-build would require a separate ADR.	ccall(($(string(:mpfr_,fC,:_z)), libmpfr), Int32, (Ref{BigFloat}, Ref{BigFloat}, Ref{BigInt}, MPFRRoundingMode), z, x, c, rounding_raw(BigFloat))
base/mpfr.jl	622	A	mpfr-bigfloat	#9290	Current policy is pure-Rust astro-float/BigFloat surface; MPFR dual-build would require a separate ADR.	ccall(($(string(:mpfr_,fC)),libmpfr), Int32, (Ref{BigFloat}, Ref{BigFloat}, Ref{BigFloat}, MPFRRoundingMode), z, x, y, rounding_raw(BigFloat))
base/mpfr.jl	629	A	mpfr-bigfloat	#9290	Current policy is pure-Rust astro-float/BigFloat surface; MPFR dual-build would require a separate ADR.	ccall(($(string(:mpfr_,fC,:_ui)), libmpfr), Int32, (Ref{BigFloat}, Ref{BigFloat}, Culong, MPFRRoundingMode), z, x, c, rounding_raw(BigFloat))
base/mpfr.jl	634	A	mpfr-bigfloat	#9290	Current policy is pure-Rust astro-float/BigFloat surface; MPFR dual-build would require a separate ADR.	ccall(($(string(:mpfr_,:ui_,fC)), libmpfr), Int32, (Ref{BigFloat}, Culong, Ref{BigFloat}, MPFRRoundingMode), z, c, x, rounding_raw(BigFloat))
base/mpfr.jl	641	A	mpfr-bigfloat	#9290	Current policy is pure-Rust astro-float/BigFloat surface; MPFR dual-build would require a separate ADR.	ccall(($(string(:mpfr_,fC,:_si)), libmpfr), Int32, (Ref{BigFloat}, Ref{BigFloat}, Clong, MPFRRoundingMode), z, x, c, rounding_raw(BigFloat))
base/mpfr.jl	646	A	mpfr-bigfloat	#9290	Current policy is pure-Rust astro-float/BigFloat surface; MPFR dual-build would require a separate ADR.	ccall(($(string(:mpfr_,:si_,fC)), libmpfr), Int32, (Ref{BigFloat}, Clong, Ref{BigFloat}, MPFRRoundingMode), z, c, x, rounding_raw(BigFloat))
base/mpfr.jl	653	A	mpfr-bigfloat	#9290	Current policy is pure-Rust astro-float/BigFloat surface; MPFR dual-build would require a separate ADR.	ccall(($(string(:mpfr_,fC,:_d)), libmpfr), Int32, (Ref{BigFloat}, Ref{BigFloat}, Cdouble, MPFRRoundingMode), z, x, c, rounding_raw(BigFloat))
base/mpfr.jl	658	A	mpfr-bigfloat	#9290	Current policy is pure-Rust astro-float/BigFloat surface; MPFR dual-build would require a separate ADR.	ccall(($(string(:mpfr_,:d_,fC)), libmpfr), Int32, (Ref{BigFloat}, Cdouble, Ref{BigFloat}, MPFRRoundingMode), z, c, x, rounding_raw(BigFloat))
base/mpfr.jl	665	A	mpfr-bigfloat	#9290	Current policy is pure-Rust astro-float/BigFloat surface; MPFR dual-build would require a separate ADR.	ccall(($(string(:mpfr_,fC,:_z)), libmpfr), Int32, (Ref{BigFloat}, Ref{BigFloat}, Ref{BigInt}, MPFRRoundingMode), z, x, c, rounding_raw(BigFloat))
base/mpfr.jl	674	A	mpfr-bigfloat	#9290	Current policy is pure-Rust astro-float/BigFloat surface; MPFR dual-build would require a separate ADR.	ccall((:mpfr_z_sub, libmpfr), Int32, (Ref{BigFloat}, Ref{BigInt}, Ref{BigFloat}, MPFRRoundingMode), z, c, x, rounding_raw(BigFloat))
base/mpfr.jl	682	A	mpfr-bigfloat	#9290	Current policy is pure-Rust astro-float/BigFloat surface; MPFR dual-build would require a separate ADR.	ccall(("mpfr_fma",libmpfr), Int32, (Ref{BigFloat}, Ref{BigFloat}, Ref{BigFloat}, Ref{BigFloat}, MPFRRoundingMode), r, x, y, z, rounding_raw(BigFloat))
base/mpfr.jl	692	A	mpfr-bigfloat	#9290	Current policy is pure-Rust astro-float/BigFloat surface; MPFR dual-build would require a separate ADR.	ccall((:mpfr_div,libmpfr), Int32, (Ref{BigFloat}, Ref{BigFloat}, Ref{BigFloat}, MPFRRoundingMode), z, x, y, RoundToZero)
base/mpfr.jl	693	A	mpfr-bigfloat	#9290	Current policy is pure-Rust astro-float/BigFloat surface; MPFR dual-build would require a separate ADR.	ccall((:mpfr_trunc, libmpfr), Int32, (Ref{BigFloat}, Ref{BigFloat}), z, z)
base/mpfr.jl	700	A	mpfr-bigfloat	#9290	Current policy is pure-Rust astro-float/BigFloat surface; MPFR dual-build would require a separate ADR.	ccall((:mpfr_div_ui, libmpfr), Int32, (Ref{BigFloat}, Ref{BigFloat}, Culong, MPFRRoundingMode), z, x, c, RoundToZero)
base/mpfr.jl	701	A	mpfr-bigfloat	#9290	Current policy is pure-Rust astro-float/BigFloat surface; MPFR dual-build would require a separate ADR.	ccall((:mpfr_trunc, libmpfr), Int32, (Ref{BigFloat}, Ref{BigFloat}), z, z)
base/mpfr.jl	706	A	mpfr-bigfloat	#9290	Current policy is pure-Rust astro-float/BigFloat surface; MPFR dual-build would require a separate ADR.	ccall((:mpfr_ui_div, libmpfr), Int32, (Ref{BigFloat}, Culong, Ref{BigFloat}, MPFRRoundingMode), z, c, x, RoundToZero)
base/mpfr.jl	707	A	mpfr-bigfloat	#9290	Current policy is pure-Rust astro-float/BigFloat surface; MPFR dual-build would require a separate ADR.	ccall((:mpfr_trunc, libmpfr), Int32, (Ref{BigFloat}, Ref{BigFloat}), z, z)
base/mpfr.jl	714	A	mpfr-bigfloat	#9290	Current policy is pure-Rust astro-float/BigFloat surface; MPFR dual-build would require a separate ADR.	ccall((:mpfr_div_si, libmpfr), Int32, (Ref{BigFloat}, Ref{BigFloat}, Clong, MPFRRoundingMode), z, x, c, RoundToZero)
base/mpfr.jl	715	A	mpfr-bigfloat	#9290	Current policy is pure-Rust astro-float/BigFloat surface; MPFR dual-build would require a separate ADR.	ccall((:mpfr_trunc, libmpfr), Int32, (Ref{BigFloat}, Ref{BigFloat}), z, z)
base/mpfr.jl	720	A	mpfr-bigfloat	#9290	Current policy is pure-Rust astro-float/BigFloat surface; MPFR dual-build would require a separate ADR.	ccall((:mpfr_si_div, libmpfr), Int32, (Ref{BigFloat}, Clong, Ref{BigFloat}, MPFRRoundingMode), z, c, x, RoundToZero)
base/mpfr.jl	721	A	mpfr-bigfloat	#9290	Current policy is pure-Rust astro-float/BigFloat surface; MPFR dual-build would require a separate ADR.	ccall((:mpfr_trunc, libmpfr), Int32, (Ref{BigFloat}, Ref{BigFloat}), z, z)
base/mpfr.jl	728	A	mpfr-bigfloat	#9290	Current policy is pure-Rust astro-float/BigFloat surface; MPFR dual-build would require a separate ADR.	ccall((:mpfr_div_d, libmpfr), Int32, (Ref{BigFloat}, Ref{BigFloat}, Cdouble, MPFRRoundingMode), z, x, c, RoundToZero)
base/mpfr.jl	729	A	mpfr-bigfloat	#9290	Current policy is pure-Rust astro-float/BigFloat surface; MPFR dual-build would require a separate ADR.	ccall((:mpfr_trunc, libmpfr), Int32, (Ref{BigFloat}, Ref{BigFloat}), z, z)
base/mpfr.jl	734	A	mpfr-bigfloat	#9290	Current policy is pure-Rust astro-float/BigFloat surface; MPFR dual-build would require a separate ADR.	ccall((:mpfr_d_div, libmpfr), Int32, (Ref{BigFloat}, Cdouble, Ref{BigFloat}, MPFRRoundingMode), z, c, x, RoundToZero)
base/mpfr.jl	735	A	mpfr-bigfloat	#9290	Current policy is pure-Rust astro-float/BigFloat surface; MPFR dual-build would require a separate ADR.	ccall((:mpfr_trunc, libmpfr), Int32, (Ref{BigFloat}, Ref{BigFloat}), z, z)
base/mpfr.jl	742	A	mpfr-bigfloat	#9290	Current policy is pure-Rust astro-float/BigFloat surface; MPFR dual-build would require a separate ADR.	ccall((:mpfr_div_z, libmpfr), Int32, (Ref{BigFloat}, Ref{BigFloat}, Ref{BigInt}, MPFRRoundingMode), z, x, c, RoundToZero)
base/mpfr.jl	743	A	mpfr-bigfloat	#9290	Current policy is pure-Rust astro-float/BigFloat surface; MPFR dual-build would require a separate ADR.	ccall((:mpfr_trunc, libmpfr), Int32, (Ref{BigFloat}, Ref{BigFloat}), z, z)
base/mpfr.jl	753	A	mpfr-bigfloat	#9290	Current policy is pure-Rust astro-float/BigFloat surface; MPFR dual-build would require a separate ADR.	ccall(($(string(:mpfr_,fC)), libmpfr), Int32, (Ref{BigFloat}, Ref{BigFloat}, Ref{BigFloat}, MPFRRoundingMode), z, a, b, rounding_raw(BigFloat))
base/mpfr.jl	754	A	mpfr-bigfloat	#9290	Current policy is pure-Rust astro-float/BigFloat surface; MPFR dual-build would require a separate ADR.	ccall(($(string(:mpfr_,fC)), libmpfr), Int32, (Ref{BigFloat}, Ref{BigFloat}, Ref{BigFloat}, MPFRRoundingMode), z, z, c, rounding_raw(BigFloat))
base/mpfr.jl	759	A	mpfr-bigfloat	#9290	Current policy is pure-Rust astro-float/BigFloat surface; MPFR dual-build would require a separate ADR.	ccall(($(string(:mpfr_,fC)), libmpfr), Int32, (Ref{BigFloat}, Ref{BigFloat}, Ref{BigFloat}, MPFRRoundingMode), z, a, b, rounding_raw(BigFloat))
base/mpfr.jl	760	A	mpfr-bigfloat	#9290	Current policy is pure-Rust astro-float/BigFloat surface; MPFR dual-build would require a separate ADR.	ccall(($(string(:mpfr_,fC)), libmpfr), Int32, (Ref{BigFloat}, Ref{BigFloat}, Ref{BigFloat}, MPFRRoundingMode), z, z, c, rounding_raw(BigFloat))
base/mpfr.jl	761	A	mpfr-bigfloat	#9290	Current policy is pure-Rust astro-float/BigFloat surface; MPFR dual-build would require a separate ADR.	ccall(($(string(:mpfr_,fC)), libmpfr), Int32, (Ref{BigFloat}, Ref{BigFloat}, Ref{BigFloat}, MPFRRoundingMode), z, z, d, rounding_raw(BigFloat))
base/mpfr.jl	766	A	mpfr-bigfloat	#9290	Current policy is pure-Rust astro-float/BigFloat surface; MPFR dual-build would require a separate ADR.	ccall(($(string(:mpfr_,fC)), libmpfr), Int32, (Ref{BigFloat}, Ref{BigFloat}, Ref{BigFloat}, MPFRRoundingMode), z, a, b, rounding_raw(BigFloat))
base/mpfr.jl	767	A	mpfr-bigfloat	#9290	Current policy is pure-Rust astro-float/BigFloat surface; MPFR dual-build would require a separate ADR.	ccall(($(string(:mpfr_,fC)), libmpfr), Int32, (Ref{BigFloat}, Ref{BigFloat}, Ref{BigFloat}, MPFRRoundingMode), z, z, c, rounding_raw(BigFloat))
base/mpfr.jl	768	A	mpfr-bigfloat	#9290	Current policy is pure-Rust astro-float/BigFloat surface; MPFR dual-build would require a separate ADR.	ccall(($(string(:mpfr_,fC)), libmpfr), Int32, (Ref{BigFloat}, Ref{BigFloat}, Ref{BigFloat}, MPFRRoundingMode), z, z, d, rounding_raw(BigFloat))
base/mpfr.jl	769	A	mpfr-bigfloat	#9290	Current policy is pure-Rust astro-float/BigFloat surface; MPFR dual-build would require a separate ADR.	ccall(($(string(:mpfr_,fC)), libmpfr), Int32, (Ref{BigFloat}, Ref{BigFloat}, Ref{BigFloat}, MPFRRoundingMode), z, z, e, rounding_raw(BigFloat))
base/mpfr.jl	777	A	mpfr-bigfloat	#9290	Current policy is pure-Rust astro-float/BigFloat surface; MPFR dual-build would require a separate ADR.	ccall((:mpfr_neg, libmpfr), Int32, (Ref{BigFloat}, Ref{BigFloat}, MPFRRoundingMode), z, x, rounding_raw(BigFloat))
base/mpfr.jl	784	A	mpfr-bigfloat	#9290	Current policy is pure-Rust astro-float/BigFloat surface; MPFR dual-build would require a separate ADR.	ccall((:mpfr_sqrt, libmpfr), Int32, (Ref{BigFloat}, Ref{BigFloat}, MPFRRoundingMode), z, x, rounding_raw(BigFloat))
base/mpfr.jl	793	A	mpfr-bigfloat	#9290	Current policy is pure-Rust astro-float/BigFloat surface; MPFR dual-build would require a separate ADR.	ccall((:mpfr_pow, libmpfr), Int32, (Ref{BigFloat}, Ref{BigFloat}, Ref{BigFloat}, MPFRRoundingMode), z, x, y, rounding_raw(BigFloat))
base/mpfr.jl	799	A	mpfr-bigfloat	#9290	Current policy is pure-Rust astro-float/BigFloat surface; MPFR dual-build would require a separate ADR.	ccall((:mpfr_pow_ui, libmpfr), Int32, (Ref{BigFloat}, Ref{BigFloat}, Culong, MPFRRoundingMode), z, x, y, rounding_raw(BigFloat))
base/mpfr.jl	805	A	mpfr-bigfloat	#9290	Current policy is pure-Rust astro-float/BigFloat surface; MPFR dual-build would require a separate ADR.	ccall((:mpfr_pow_si, libmpfr), Int32, (Ref{BigFloat}, Ref{BigFloat}, Clong, MPFRRoundingMode), z, x, y, rounding_raw(BigFloat))
base/mpfr.jl	811	A	mpfr-bigfloat	#9290	Current policy is pure-Rust astro-float/BigFloat surface; MPFR dual-build would require a separate ADR.	ccall((:mpfr_pow_z, libmpfr), Int32, (Ref{BigFloat}, Ref{BigFloat}, Ref{BigInt}, MPFRRoundingMode), z, x, y, rounding_raw(BigFloat))
base/mpfr.jl	821	A	mpfr-bigfloat	#9290	Current policy is pure-Rust astro-float/BigFloat surface; MPFR dual-build would require a separate ADR.	ccall(($(string(:mpfr_,f)), libmpfr), Int32, (Ref{BigFloat}, Ref{BigFloat}, MPFRRoundingMode), z, x, rounding_raw(BigFloat))
base/mpfr.jl	829	A	mpfr-bigfloat	#9290	Current policy is pure-Rust astro-float/BigFloat surface; MPFR dual-build would require a separate ADR.	ccall((:mpfr_sin_cos, libmpfr), Int32, (Ref{BigFloat}, Ref{BigFloat}, Ref{BigFloat}, MPFRRoundingMode), s, c, v, rounding_raw(BigFloat))
base/mpfr.jl	837	A	mpfr-bigfloat	#9290	Current policy is pure-Rust astro-float/BigFloat surface; MPFR dual-build would require a separate ADR.	ccall((:mpfr_const_log2, libmpfr), Cint, (Ref{BigFloat}, MPFRRoundingMode), c, MPFR.rounding_raw(BigFloat))
base/mpfr.jl	843	A	mpfr-bigfloat	#9290	Current policy is pure-Rust astro-float/BigFloat surface; MPFR dual-build would require a separate ADR.	ccall((:mpfr_mul_2si, libmpfr), Int32, (Ref{BigFloat}, Ref{BigFloat}, Clong, MPFRRoundingMode), z, x, n, rounding_raw(BigFloat))
base/mpfr.jl	848	A	mpfr-bigfloat	#9290	Current policy is pure-Rust astro-float/BigFloat surface; MPFR dual-build would require a separate ADR.	ccall((:mpfr_mul_2ui, libmpfr), Int32, (Ref{BigFloat}, Ref{BigFloat}, Culong, MPFRRoundingMode), z, x, n, rounding_raw(BigFloat))
base/mpfr.jl	861	A	mpfr-bigfloat	#9290	Current policy is pure-Rust astro-float/BigFloat surface; MPFR dual-build would require a separate ADR.	ccall((:mpfr_fac_ui, libmpfr), Int32, (Ref{BigFloat}, Culong, MPFRRoundingMode), z, ui, rounding_raw(BigFloat))
base/mpfr.jl	867	A	mpfr-bigfloat	#9290	Current policy is pure-Rust astro-float/BigFloat surface; MPFR dual-build would require a separate ADR.	ccall((:mpfr_hypot, libmpfr), Int32, (Ref{BigFloat}, Ref{BigFloat}, Ref{BigFloat}, MPFRRoundingMode), z, x, y, rounding_raw(BigFloat))
base/mpfr.jl	879	A	mpfr-bigfloat	#9290	Current policy is pure-Rust astro-float/BigFloat surface; MPFR dual-build would require a separate ADR.	ccall(($(string(:mpfr_,f)), libmpfr), Int32, (Ref{BigFloat}, Ref{BigFloat}, MPFRRoundingMode), z, x, rounding_raw(BigFloat))
base/mpfr.jl	891	A	mpfr-bigfloat	#9290	Current policy is pure-Rust astro-float/BigFloat surface; MPFR dual-build would require a separate ADR.	ccall((:mpfr_log1p, libmpfr), Int32, (Ref{BigFloat}, Ref{BigFloat}, MPFRRoundingMode), z, x, rounding_raw(BigFloat))
base/mpfr.jl	915	A	mpfr-bigfloat	#9290	Current policy is pure-Rust astro-float/BigFloat surface; MPFR dual-build would require a separate ADR.	ccall((:mpfr_modf, libmpfr), Int32, (Ref{BigFloat}, Ref{BigFloat}, Ref{BigFloat}, MPFRRoundingMode), zint, zfloat, x, rounding_raw(BigFloat))
base/mpfr.jl	921	A	mpfr-bigfloat	#9290	Current policy is pure-Rust astro-float/BigFloat surface; MPFR dual-build would require a separate ADR.	ccall((:mpfr_fmod, libmpfr), Int32, (Ref{BigFloat}, Ref{BigFloat}, Ref{BigFloat}, MPFRRoundingMode), z, x, y, rounding_raw(BigFloat))
base/mpfr.jl	927	A	mpfr-bigfloat	#9290	Current policy is pure-Rust astro-float/BigFloat surface; MPFR dual-build would require a separate ADR.	ccall((:mpfr_remainder, libmpfr), Int32, (Ref{BigFloat}, Ref{BigFloat}, Ref{BigFloat}, MPFRRoundingMode), z, x, y, rounding_raw(BigFloat))
base/mpfr.jl	937	A	mpfr-bigfloat	#9290	Current policy is pure-Rust astro-float/BigFloat surface; MPFR dual-build would require a separate ADR.	ccall((:mpfr_add, libmpfr), Int32,
base/mpfr.jl	949	A	mpfr-bigfloat	#9290	Current policy is pure-Rust astro-float/BigFloat surface; MPFR dual-build would require a separate ADR.	ccall(($(string(:mpfr_,f)), libmpfr), Int32, (Ref{BigFloat}, Ref{BigFloat}, MPFRRoundingMode), z, x, rounding_raw(BigFloat))
base/mpfr.jl	959	A	mpfr-bigfloat	#9290	Current policy is pure-Rust astro-float/BigFloat surface; MPFR dual-build would require a separate ADR.	ccall((:mpfr_atan2, libmpfr), Int32, (Ref{BigFloat}, Ref{BigFloat}, Ref{BigFloat}, MPFRRoundingMode), z, y, x, rounding_raw(BigFloat))
base/mpfr.jl	969	A	mpfr-bigfloat	#9290	Current policy is pure-Rust astro-float/BigFloat surface; MPFR dual-build would require a separate ADR.	ccall(($(string(:mpfr_,f,:u)), :libmpfr), Int32, (Ref{BigFloat}, Ref{BigFloat}, Culong, MPFRRoundingMode), z, x, 360, rounding_raw(BigFloat))
base/mpfr.jl	976	A	mpfr-bigfloat	#9290	Current policy is pure-Rust astro-float/BigFloat surface; MPFR dual-build would require a separate ADR.	ccall(($(string(:mpfr_a,f,:u)), :libmpfr), Int32, (Ref{BigFloat}, Ref{BigFloat}, Culong, MPFRRoundingMode), z, x, 360, rounding_raw(BigFloat))
base/mpfr.jl	984	A	mpfr-bigfloat	#9290	Current policy is pure-Rust astro-float/BigFloat surface; MPFR dual-build would require a separate ADR.	ccall((:mpfr_atan2u, :libmpfr), Int32, (Ref{BigFloat}, Ref{BigFloat}, Ref{BigFloat}, Culong, MPFRRoundingMode), z, y, x, 360, rounding_raw(BigFloat))
base/mpfr.jl	990	A	mpfr-bigfloat	#9290	Current policy is pure-Rust astro-float/BigFloat surface; MPFR dual-build would require a separate ADR.	==(x::BigFloat, y::BigFloat) = ccall((:mpfr_equal_p, libmpfr), Int32, (Ref{BigFloat}, Ref{BigFloat}), x, y) != 0
base/mpfr.jl	991	A	mpfr-bigfloat	#9290	Current policy is pure-Rust astro-float/BigFloat surface; MPFR dual-build would require a separate ADR.	<=(x::BigFloat, y::BigFloat) = ccall((:mpfr_lessequal_p, libmpfr), Int32, (Ref{BigFloat}, Ref{BigFloat}), x, y) != 0
base/mpfr.jl	992	A	mpfr-bigfloat	#9290	Current policy is pure-Rust astro-float/BigFloat surface; MPFR dual-build would require a separate ADR.	>=(x::BigFloat, y::BigFloat) = ccall((:mpfr_greaterequal_p, libmpfr), Int32, (Ref{BigFloat}, Ref{BigFloat}), x, y) != 0
base/mpfr.jl	993	A	mpfr-bigfloat	#9290	Current policy is pure-Rust astro-float/BigFloat surface; MPFR dual-build would require a separate ADR.	<(x::BigFloat, y::BigFloat) = ccall((:mpfr_less_p, libmpfr), Int32, (Ref{BigFloat}, Ref{BigFloat}), x, y) != 0
base/mpfr.jl	994	A	mpfr-bigfloat	#9290	Current policy is pure-Rust astro-float/BigFloat surface; MPFR dual-build would require a separate ADR.	>(x::BigFloat, y::BigFloat) = ccall((:mpfr_greater_p, libmpfr), Int32, (Ref{BigFloat}, Ref{BigFloat}), x, y) != 0
base/mpfr.jl	998	A	mpfr-bigfloat	#9290	Current policy is pure-Rust astro-float/BigFloat surface; MPFR dual-build would require a separate ADR.	ccall((:mpfr_cmp_z, libmpfr), Int32, (Ref{BigFloat}, Ref{BigInt}), x, y)
base/mpfr.jl	1002	A	mpfr-bigfloat	#9290	Current policy is pure-Rust astro-float/BigFloat surface; MPFR dual-build would require a separate ADR.	ccall((:mpfr_cmp_si, libmpfr), Int32, (Ref{BigFloat}, Clong), x, y)
base/mpfr.jl	1006	A	mpfr-bigfloat	#9290	Current policy is pure-Rust astro-float/BigFloat surface; MPFR dual-build would require a separate ADR.	ccall((:mpfr_cmp_ui, libmpfr), Int32, (Ref{BigFloat}, Culong), x, y)
base/mpfr.jl	1014	A	mpfr-bigfloat	#9290	Current policy is pure-Rust astro-float/BigFloat surface; MPFR dual-build would require a separate ADR.	ccall((:mpfr_cmp_d, libmpfr), Int32, (Ref{BigFloat}, Cdouble), x, y)
base/mpfr.jl	1044	A	mpfr-bigfloat	#9290	Current policy is pure-Rust astro-float/BigFloat surface; MPFR dual-build would require a separate ADR.	return ccall((:mpfr_get_prec, libmpfr), Clong, (Ref{BigFloat},), x)
base/mpfr.jl	1085	A	mpfr-bigfloat	#9290	Current policy is pure-Rust astro-float/BigFloat surface; MPFR dual-build would require a separate ADR.	ccall((:mpfr_copysign, libmpfr), Int32, (Ref{BigFloat}, Ref{BigFloat}, Ref{BigFloat}, MPFRRoundingMode), z, x, y, rounding_raw(BigFloat))
base/mpfr.jl	1094	A	mpfr-bigfloat	#9290	Current policy is pure-Rust astro-float/BigFloat surface; MPFR dual-build would require a separate ADR.	return ccall((:mpfr_get_exp, libmpfr), Clong, (Ref{BigFloat},), x) - 1
base/mpfr.jl	1100	A	mpfr-bigfloat	#9290	Current policy is pure-Rust astro-float/BigFloat surface; MPFR dual-build would require a separate ADR.	ccall((:mpfr_frexp, libmpfr), Int32, (Ptr{Clong}, Ref{BigFloat}, Ref{BigFloat}, MPFRRoundingMode), c, z, x, rounding_raw(BigFloat))
base/mpfr.jl	1107	A	mpfr-bigfloat	#9290	Current policy is pure-Rust astro-float/BigFloat surface; MPFR dual-build would require a separate ADR.	ccall((:mpfr_frexp, libmpfr), Int32, (Ptr{Clong}, Ref{BigFloat}, Ref{BigFloat}, MPFRRoundingMode), c, z, x, rounding_raw(BigFloat))
base/mpfr.jl	1109	A	mpfr-bigfloat	#9290	Current policy is pure-Rust astro-float/BigFloat surface; MPFR dual-build would require a separate ADR.	ccall((:mpfr_mul_si, libmpfr), Int32, (Ref{BigFloat}, Ref{BigFloat}, Clong, MPFRRoundingMode), z, z, 2, rounding_raw(BigFloat))
base/mpfr.jl	1114	A	mpfr-bigfloat	#9290	Current policy is pure-Rust astro-float/BigFloat surface; MPFR dual-build would require a separate ADR.	return ccall((:mpfr_integer_p, libmpfr), Int32, (Ref{BigFloat},), x) != 0
base/mpfr.jl	1125	A	mpfr-bigfloat	#9290	Current policy is pure-Rust astro-float/BigFloat surface; MPFR dual-build would require a separate ADR.	ccall(($(string(:mpfr_,f)), libmpfr), Int32, (Ref{BigFloat}, Ref{BigFloat}), z, x)
base/mpfr.jl	1150	A	mpfr-bigfloat	#9290	Current policy is pure-Rust astro-float/BigFloat surface; MPFR dual-build would require a separate ADR.	ccall((:mpfr_nextabove, libmpfr), Int32, (Ref{BigFloat},), x)
base/mpfr.jl	1158	A	mpfr-bigfloat	#9290	Current policy is pure-Rust astro-float/BigFloat surface; MPFR dual-build would require a separate ADR.	ccall((:mpfr_nextbelow, libmpfr), Int32, (Ref{BigFloat},), x)
base/mpfr.jl	1218	A	mpfr-bigfloat	#9290	Current policy is pure-Rust astro-float/BigFloat surface; MPFR dual-build would require a separate ADR.	n = ccall((:mpfr_asprintf,libmpfr), Cint,
base/mpfr.jl	1230	A	mpfr-bigfloat	#9290	Current policy is pure-Rust astro-float/BigFloat surface; MPFR dual-build would require a separate ADR.	ccall((:mpfr_free_str, libmpfr), Cvoid, (Ptr{UInt8},), p)
base/mpfr.jl	1281	A	mpfr-bigfloat	#9290	Current policy is pure-Rust astro-float/BigFloat surface; MPFR dual-build would require a separate ADR.	get_emax() = ccall((:mpfr_get_emax, libmpfr), Clong, ())
base/mpfr.jl	1282	A	mpfr-bigfloat	#9290	Current policy is pure-Rust astro-float/BigFloat surface; MPFR dual-build would require a separate ADR.	get_emax_min() = ccall((:mpfr_get_emax_min, libmpfr), Clong, ())
base/mpfr.jl	1283	A	mpfr-bigfloat	#9290	Current policy is pure-Rust astro-float/BigFloat surface; MPFR dual-build would require a separate ADR.	get_emax_max() = ccall((:mpfr_get_emax_max, libmpfr), Clong, ())
base/mpfr.jl	1285	A	mpfr-bigfloat	#9290	Current policy is pure-Rust astro-float/BigFloat surface; MPFR dual-build would require a separate ADR.	get_emin() = ccall((:mpfr_get_emin, libmpfr), Clong, ())
base/mpfr.jl	1286	A	mpfr-bigfloat	#9290	Current policy is pure-Rust astro-float/BigFloat surface; MPFR dual-build would require a separate ADR.	get_emin_min() = ccall((:mpfr_get_emin_min, libmpfr), Clong, ())
base/mpfr.jl	1287	A	mpfr-bigfloat	#9290	Current policy is pure-Rust astro-float/BigFloat surface; MPFR dual-build would require a separate ADR.	get_emin_max() = ccall((:mpfr_get_emin_max, libmpfr), Clong, ())
base/mpfr.jl	1290	A	mpfr-bigfloat	#9290	Current policy is pure-Rust astro-float/BigFloat surface; MPFR dual-build would require a separate ADR.	set_emax!(x) = check_exponent_err(ccall((:mpfr_set_emax, libmpfr), Cint, (Clong,), x))
base/mpfr.jl	1291	A	mpfr-bigfloat	#9290	Current policy is pure-Rust astro-float/BigFloat surface; MPFR dual-build would require a separate ADR.	set_emin!(x) = check_exponent_err(ccall((:mpfr_set_emin, libmpfr), Cint, (Clong,), x))
base/mpfr.jl	1297	C	docs-example	#9290	Commented/documentation-only native call text is not a shipped sjulia surface.	#ccall((:mpfr_custom_move,libmpfr), Cvoid, (Ref{BigFloat}, Ptr{Limb}), y, d) # unnecessary
base/mpfr.jl	1309	A	mpfr-bigfloat	#9290	Current policy is pure-Rust astro-float/BigFloat surface; MPFR dual-build would require a separate ADR.	ccall((:__gmpz_realloc2, libgmp), Cvoid, (Ref{BigInt}, Culong), s, 8b) # bits
base/mpfr.jl	1321	A	mpfr-bigfloat	#9290	Current policy is pure-Rust astro-float/BigFloat surface; MPFR dual-build would require a separate ADR.	clear_flags() = ccall((:mpfr_clear_flags, libmpfr), Cvoid, ())
base/mpfr.jl	1322	A	mpfr-bigfloat	#9290	Current policy is pure-Rust astro-float/BigFloat surface; MPFR dual-build would require a separate ADR.	had_underflow() = ccall((:mpfr_underflow_p, libmpfr), Cint, ()) != 0
base/mpfr.jl	1323	A	mpfr-bigfloat	#9290	Current policy is pure-Rust astro-float/BigFloat surface; MPFR dual-build would require a separate ADR.	had_overflow() = ccall((:mpfr_overflow_p, libmpfr), Cint, ()) != 0
base/mpfr.jl	1324	A	mpfr-bigfloat	#9290	Current policy is pure-Rust astro-float/BigFloat surface; MPFR dual-build would require a separate ADR.	had_divbyzero() = ccall((:mpfr_divby0_p, libmpfr), Cint, ()) != 0
base/mpfr.jl	1325	A	mpfr-bigfloat	#9290	Current policy is pure-Rust astro-float/BigFloat surface; MPFR dual-build would require a separate ADR.	had_nan() = ccall((:mpfr_nanflag_p, libmpfr), Cint, ()) != 0
base/mpfr.jl	1326	A	mpfr-bigfloat	#9290	Current policy is pure-Rust astro-float/BigFloat surface; MPFR dual-build would require a separate ADR.	had_inexact_exception() = ccall((:mpfr_inexflag_p, libmpfr), Cint, ()) != 0
base/mpfr.jl	1327	A	mpfr-bigfloat	#9290	Current policy is pure-Rust astro-float/BigFloat surface; MPFR dual-build would require a separate ADR.	had_range_exception() = ccall((:mpfr_erangeflag_p, libmpfr), Cint, ()) != 0
base/opaque_closure.jl	54	A	julia-runtime	#9570	Julia runtime primitive mirrored by VM/compiler metadata or a curated Rust intrinsic.	return ccall(:jl_new_opaque_closure_from_code_info, Any, (Any, Any, Any, Any, Any, Cint, Any, Cint, Cint, Any, Cint, Cint),
base/operators.jl	295	A	julia-runtime	#9570	Julia runtime primitive mirrored by VM/compiler metadata or a curated Rust intrinsic.	==(T::Type, S::Type) = (@_total_meta; ccall(:jl_types_equal, Cint, (Any, Any), T, S) != 0)
base/options.jl	70	A	julia-runtime	#9570	Julia runtime primitive mirrored by VM/compiler metadata or a curated Rust intrinsic.	if sizeof(JLOptions) === ccall(:jl_sizeof_jl_options, Int, ())
base/options.jl	72	A	julia-runtime	#9570	Julia runtime primitive mirrored by VM/compiler metadata or a curated Rust intrinsic.	ccall(:jl_throw, Cvoid, (Any,), "Option structure mismatch")
base/options.jl	120	A	julia-runtime	#9570	Julia runtime primitive mirrored by VM/compiler metadata or a curated Rust intrinsic.	return ccall(:jl_is_file_tracked, Cint, (Any,), file) == 1
base/ordering.jl	169	A	julia-runtime	#9570	Julia runtime primitive mirrored by VM/compiler metadata or a curated Rust intrinsic.	if ccall(:jl_ver_major, Int32, ()) < 2
base/parse.jl	263	A	julia-runtime	#9570	Julia runtime primitive mirrored by VM/compiler metadata or a curated Rust intrinsic.	hasvalue, val = ccall(:jl_try_substrtod, Tuple{Bool, Float64},
base/parse.jl	268	A	julia-runtime	#9570	Julia runtime primitive mirrored by VM/compiler metadata or a curated Rust intrinsic.	hasvalue, val = ccall(:jl_try_substrtod, Tuple{Bool, Float64},
base/parse.jl	273	A	julia-runtime	#9570	Julia runtime primitive mirrored by VM/compiler metadata or a curated Rust intrinsic.	hasvalue, val = ccall(:jl_try_substrtod, Tuple{Bool, Float64},
base/parse.jl	278	A	julia-runtime	#9570	Julia runtime primitive mirrored by VM/compiler metadata or a curated Rust intrinsic.	hasvalue, val = ccall(:jl_try_substrtod, Tuple{Bool, Float64},
base/parse.jl	283	A	julia-runtime	#9570	Julia runtime primitive mirrored by VM/compiler metadata or a curated Rust intrinsic.	hasvalue, val = ccall(:jl_try_substrtof, Tuple{Bool, Float32},
base/parse.jl	288	A	julia-runtime	#9570	Julia runtime primitive mirrored by VM/compiler metadata or a curated Rust intrinsic.	hasvalue, val = ccall(:jl_try_substrtof, Tuple{Bool, Float32},
base/parse.jl	293	A	julia-runtime	#9570	Julia runtime primitive mirrored by VM/compiler metadata or a curated Rust intrinsic.	hasvalue, val = ccall(:jl_try_substrtof, Tuple{Bool, Float32},
base/parse.jl	298	A	julia-runtime	#9570	Julia runtime primitive mirrored by VM/compiler metadata or a curated Rust intrinsic.	hasvalue, val = ccall(:jl_try_substrtof, Tuple{Bool, Float32},
base/partr.jl	30	A	julia-runtime	#9570	Julia runtime primitive mirrored by VM/compiler metadata or a curated Rust intrinsic.	get_ptls_rng() = ccall(:jl_get_ptls_rng, UInt64, ())
base/partr.jl	32	A	julia-runtime	#9570	Julia runtime primitive mirrored by VM/compiler metadata or a curated Rust intrinsic.	set_ptls_rng(seed::UInt64) = ccall(:jl_set_ptls_rng, Cvoid, (UInt64,), seed)
base/partr.jl	141	A	julia-runtime	#9570	Julia runtime primitive mirrored by VM/compiler metadata or a curated Rust intrinsic.	tpid = ccall(:jl_get_task_threadpoolid, Int8, (Any,), task)
base/partr.jl	176	A	julia-runtime	#9570	Julia runtime primitive mirrored by VM/compiler metadata or a curated Rust intrinsic.	tp = ccall(:jl_threadpoolid, Int8, (Int16,), tid-1) + 1
base/partr.jl	211	A	julia-runtime	#9570	Julia runtime primitive mirrored by VM/compiler metadata or a curated Rust intrinsic.	if ccall(:jl_set_task_tid, Cint, (Any, Cint), task, tid-1) == 0
base/partr.jl	232	A	julia-runtime	#9570	Julia runtime primitive mirrored by VM/compiler metadata or a curated Rust intrinsic.	tp = ccall(:jl_threadpoolid, Int8, (Int16,), tid-1) + 1
base/path.jl	87	A	os-libuv-io	#9570	If supported, this must be a curated Rust host/OS boundary with WASM+iOS fallbacks.	rc = ccall(:uv_os_homedir, Cint, (Ptr{UInt8}, Ptr{Csize_t}), buf, sz)
base/path.jl	476	A	os-libuv-io	#9570	If supported, this must be a curated Rust host/OS boundary with WASM+iOS fallbacks.	n = ccall((:GetLongPathNameW, "kernel32"), stdcall,
base/path.jl	501	A	os-libuv-io	#9570	If supported, this must be a curated Rust host/OS boundary with WASM+iOS fallbacks.	ret = ccall(:uv_fs_realpath, Cint,
base/path.jl	508	A	julia-runtime	#9570	Julia runtime primitive mirrored by VM/compiler metadata or a curated Rust intrinsic.	path = unsafe_string(ccall(:jl_uv_fs_t_ptr, Cstring, (Ptr{Cvoid},), req))
base/pcre.jl	17	A	pcre2-regex	#8992	Current policy is pure-Rust regex/fancy-regex coverage rather than PCRE2 dynamic calls.	jit_stack = ccall((:pcre2_jit_stack_create_8, PCRE_LIB), Ptr{Cvoid},
base/pcre.jl	20	A	pcre2-regex	#8992	Current policy is pure-Rust regex/fancy-regex coverage rather than PCRE2 dynamic calls.	ctx = ccall((:pcre2_match_context_create_8, PCRE_LIB),
base/pcre.jl	22	A	pcre2-regex	#8992	Current policy is pure-Rust regex/fancy-regex coverage rather than PCRE2 dynamic calls.	ccall((:pcre2_jit_stack_assign_8, PCRE_LIB), Cvoid,
base/pcre.jl	31	A	julia-runtime	#8992	Julia runtime primitive mirrored by VM/compiler metadata or a curated Rust intrinsic.	_tid() = Int(ccall(:jl_threadid, Int16, ())) + 1
base/pcre.jl	131	A	pcre2-regex	#8992	Current policy is pure-Rust regex/fancy-regex coverage rather than PCRE2 dynamic calls.	ret = ccall((:pcre2_pattern_info_8, PCRE_LIB), Cint,
base/pcre.jl	144	A	pcre2-regex	#8992	Current policy is pure-Rust regex/fancy-regex coverage rather than PCRE2 dynamic calls.	n = ccall((:pcre2_get_ovector_count_8, PCRE_LIB), UInt32,
base/pcre.jl	150	A	pcre2-regex	#8992	Current policy is pure-Rust regex/fancy-regex coverage rather than PCRE2 dynamic calls.	ptr = ccall((:pcre2_get_ovector_pointer_8, PCRE_LIB), Ptr{Csize_t},
base/pcre.jl	161	A	pcre2-regex	#8992	Current policy is pure-Rust regex/fancy-regex coverage rather than PCRE2 dynamic calls.	re_ptr = ccall((:pcre2_compile_8, PCRE_LIB), Ptr{Cvoid},
base/pcre.jl	171	A	pcre2-regex	#8992	Current policy is pure-Rust regex/fancy-regex coverage rather than PCRE2 dynamic calls.	errno = ccall((:pcre2_jit_compile_8, PCRE_LIB), Cint,
base/pcre.jl	179	A	pcre2-regex	#8992	Current policy is pure-Rust regex/fancy-regex coverage rather than PCRE2 dynamic calls.	ccall((:pcre2_match_data_free_8, PCRE_LIB), Cvoid, (Ptr{Cvoid},), match_data)
base/pcre.jl	182	A	pcre2-regex	#8992	Current policy is pure-Rust regex/fancy-regex coverage rather than PCRE2 dynamic calls.	ccall((:pcre2_code_free_8, PCRE_LIB), Cvoid, (Ptr{Cvoid},), re)
base/pcre.jl	185	A	pcre2-regex	#8992	Current policy is pure-Rust regex/fancy-regex coverage rather than PCRE2 dynamic calls.	ccall((:pcre2_jit_stack_free_8, PCRE_LIB), Cvoid, (Ptr{Cvoid},), stack)
base/pcre.jl	188	A	pcre2-regex	#8992	Current policy is pure-Rust regex/fancy-regex coverage rather than PCRE2 dynamic calls.	ccall((:pcre2_match_context_free_8, PCRE_LIB), Cvoid, (Ptr{Cvoid},), context)
base/pcre.jl	192	A	pcre2-regex	#8992	Current policy is pure-Rust regex/fancy-regex coverage rather than PCRE2 dynamic calls.	ret = ccall((:pcre2_get_error_message_8, PCRE_LIB), Cint,
base/pcre.jl	205	A	pcre2-regex	#8992	Current policy is pure-Rust regex/fancy-regex coverage rather than PCRE2 dynamic calls.	rc = ccall((:pcre2_match_8, PCRE_LIB), Cint,
base/pcre.jl	227	A	pcre2-regex	#8992	Current policy is pure-Rust regex/fancy-regex coverage rather than PCRE2 dynamic calls.	p = ccall((:pcre2_match_data_create_from_pattern_8, PCRE_LIB),
base/pcre.jl	234	A	pcre2-regex	#8992	Current policy is pure-Rust regex/fancy-regex coverage rather than PCRE2 dynamic calls.	n = ccall((:pcre2_substring_number_from_name_8, PCRE_LIB), Cint,
base/pcre.jl	241	A	pcre2-regex	#8992	Current policy is pure-Rust regex/fancy-regex coverage rather than PCRE2 dynamic calls.	rc = ccall((:pcre2_substring_length_bynumber_8, PCRE_LIB), Cint,
base/pcre.jl	252	A	pcre2-regex	#8992	Current policy is pure-Rust regex/fancy-regex coverage rather than PCRE2 dynamic calls.	rc = ccall((:pcre2_substring_copy_bynumber_8, PCRE_LIB), Cint,
base/pkgid.jl	13	A	julia-runtime	#9570	Julia runtime primitive mirrored by VM/compiler metadata or a curated Rust intrinsic.	uuid = UUID(ccall(:jl_module_uuid, NTuple{2, UInt64}, (Any,), m))
base/pointer.jl	60	A	julia-runtime	#9570	Julia runtime primitive mirrored by VM/compiler metadata or a curated Rust intrinsic.	unsafe_convert(::Type{Ptr{UInt8}}, x::Symbol) = ccall(:jl_symbol_name, Ptr{UInt8}, (Any,), x)
base/pointer.jl	61	A	julia-runtime	#9570	Julia runtime primitive mirrored by VM/compiler metadata or a curated Rust intrinsic.	unsafe_convert(::Type{Ptr{Int8}}, x::Symbol) = ccall(:jl_symbol_name, Ptr{Int8}, (Any,), x)
base/pointer.jl	108	A	julia-runtime	#9570	Julia runtime primitive mirrored by VM/compiler metadata or a curated Rust intrinsic.	ccall(:jl_ptr_to_array, Array{T,N}, (Any, Ptr{Cvoid}, Any, Int32),
base/pointer.jl	113	A	julia-runtime	#9570	Julia runtime primitive mirrored by VM/compiler metadata or a curated Rust intrinsic.	ccall(:jl_ptr_to_array_1d, Array{T,1},
base/pointer.jl	118	A	julia-runtime	#9570	Julia runtime primitive mirrored by VM/compiler metadata or a curated Rust intrinsic.	ccall(:jl_ptr_to_genericmemory, Ref{GenericMemory{kind,T,Core.CPU}},
base/pointer.jl	123	A	julia-runtime	#9570	Julia runtime primitive mirrored by VM/compiler metadata or a curated Rust intrinsic.	ccall(:jl_ptr_to_genericmemory, Ref{GenericMemory{kind,T,Core.CPU}},
base/pointer.jl	285	A	julia-runtime	#9570	Julia runtime primitive mirrored by VM/compiler metadata or a curated Rust intrinsic.	unsafe_pointer_to_objref(x::Ptr) = ccall(:jl_value_ptr, Any, (Ptr{Cvoid},), x)
base/pointer.jl	302	A	julia-runtime	#9570	Julia runtime primitive mirrored by VM/compiler metadata or a curated Rust intrinsic.	ccall(:jl_value_ptr, Ptr{Cvoid}, (Any,), x)
base/process.jl	54	A	julia-runtime	#9570	Julia runtime primitive mirrored by VM/compiler metadata or a curated Rust intrinsic.	ccall(:jl_close_uv, Cvoid, (Ptr{Cvoid},), proc.handle)
base/process.jl	64	A	julia-runtime	#9570	Julia runtime primitive mirrored by VM/compiler metadata or a curated Rust intrinsic.	data = ccall(:jl_uv_process_data, Ptr{Cvoid}, (Ptr{Cvoid},), p)
base/process.jl	70	A	julia-runtime	#9570	Julia runtime primitive mirrored by VM/compiler metadata or a curated Rust intrinsic.	ccall(:jl_close_uv, Cvoid, (Ptr{Cvoid},), proc.handle)
base/process.jl	91	A	os-libuv-io	#9570	If supported, this must be a curated Rust host/OS boundary with WASM+iOS fallbacks.	n = max(Int(maximum(cpus)), Int(ccall(:uv_cpumask_size, Cint, ())))
base/process.jl	119	A	julia-runtime	#9570	Julia runtime primitive mirrored by VM/compiler metadata or a curated Rust intrinsic.	err = ccall(:jl_spawn, Int32,
base/process.jl	137	A	julia-runtime	#9570	Julia runtime primitive mirrored by VM/compiler metadata or a curated Rust intrinsic.	ccall(:jl_forceclose_uv, Cvoid, (Ptr{Cvoid},), handle) # will call free on handle eventually
base/process.jl	625	A	os-libuv-io	#9570	If supported, this must be a curated Rust host/OS boundary with WASM+iOS fallbacks.	err = ccall(:uv_process_kill, Int32, (Ptr{Cvoid}, Int32), p.handle, signum)
base/process.jl	649	A	julia-runtime	#9570	Julia runtime primitive mirrored by VM/compiler metadata or a curated Rust intrinsic.	ppid = ccall(:jl_uv_process_pid, Int32, (Ptr{Cvoid},), p.handle)
base/reflection.jl	34	A	julia-runtime	#9570	Julia runtime primitive mirrored by VM/compiler metadata or a curated Rust intrinsic.	code = ccall(:jl_code_for_staged, Ref{CodeInfo}, (Any, UInt, Ptr{Cvoid}), m, world, C_NULL)
base/reflection.jl	68	A	julia-runtime	#9570	Julia runtime primitive mirrored by VM/compiler metadata or a curated Rust intrinsic.	mi = ccall(:jl_method_lookup_by_tt, Any,
base/reflection.jl	246	A	julia-runtime	#9570	Julia runtime primitive mirrored by VM/compiler metadata or a curated Rust intrinsic.	return ccall(:jl_call_in_typeinf_world, Any, (Ptr{Any}, Cint), vargs, length(vargs))
base/reflection.jl	300	A	julia-runtime	#9570	Julia runtime primitive mirrored by VM/compiler metadata or a curated Rust intrinsic.	(ccall(:jl_is_in_pure_context, Bool, ()) || world == typemax(UInt)) &&
base/reflection.jl	329	A	julia-runtime	#9570	Julia runtime primitive mirrored by VM/compiler metadata or a curated Rust intrinsic.	ccall(:jl_is_in_pure_context, Bool, ()) &&
base/reflection.jl	434	A	julia-runtime	#9570	Julia runtime primitive mirrored by VM/compiler metadata or a curated Rust intrinsic.	(ccall(:jl_is_in_pure_context, Bool, ()) || world == typemax(UInt)) &&
base/reflection.jl	475	A	julia-runtime	#9570	Julia runtime primitive mirrored by VM/compiler metadata or a curated Rust intrinsic.	(ccall(:jl_is_in_pure_context, Bool, ()) || world == typemax(UInt)) &&
base/reflection.jl	955	A	julia-runtime	#9570	Julia runtime primitive mirrored by VM/compiler metadata or a curated Rust intrinsic.	name = ccall(:jl_intrinsic_name, Ptr{UInt8}, (Core.IntrinsicFunction,), f)
base/reflection.jl	956	A	julia-runtime	#9570	Julia runtime primitive mirrored by VM/compiler metadata or a curated Rust intrinsic.	return ccall(:jl_symbol, Ref{Symbol}, (Ptr{UInt8},), name)
base/reflection.jl	1033	A	julia-runtime	#9570	Julia runtime primitive mirrored by VM/compiler metadata or a curated Rust intrinsic.	return ccall(:jl_gf_invoke_lookup, Any, (Any, Any, UInt), signature_type(f, t), nothing, world) !== nothing
base/reflection.jl	1044	A	julia-runtime	#9570	Julia runtime primitive mirrored by VM/compiler metadata or a curated Rust intrinsic.	match = ccall(:jl_gf_invoke_lookup, Any, (Any, Any, UInt), tt, nothing, world)
base/reflection.jl	1046	A	julia-runtime	#9570	Julia runtime primitive mirrored by VM/compiler metadata or a curated Rust intrinsic.	kws = ccall(:jl_uncompress_argnames, Array{Symbol,1}, (Any,), (match::Method).slot_syms)
base/reflection.jl	1287	A	julia-runtime	#9570	Julia runtime primitive mirrored by VM/compiler metadata or a curated Rust intrinsic.	getglobalref(gr::GlobalRef, world::UInt) = ccall(:jl_eval_globalref, Any, (Any, UInt), gr, world)
base/rounding.jl	6	A	julia-runtime	#9570	Julia runtime primitive mirrored by VM/compiler metadata or a curated Rust intrinsic.	ccall(:jl_get_fenv_consts, Cvoid, (Ptr{Cint},), fenv_consts)
base/rounding.jl	219	A	julia-runtime	#9570	Julia runtime primitive mirrored by VM/compiler metadata or a curated Rust intrinsic.	setrounding_raw(::Type{<:Union{Float32,Float64}}, i::Integer) = ccall(:jl_set_fenv_rounding, Int32, (Int32,), i)
base/rounding.jl	220	A	julia-runtime	#9570	Julia runtime primitive mirrored by VM/compiler metadata or a curated Rust intrinsic.	rounding_raw(::Type{<:Union{Float32,Float64}}) = ccall(:jl_get_fenv_rounding, Int32, ())
base/rounding.jl	302	A	julia-runtime	#9570	Julia runtime primitive mirrored by VM/compiler metadata or a curated Rust intrinsic.	set_zero_subnormals(yes::Bool) = ccall(:jl_set_zero_subnormals,Int32,(Int8,),yes)==0
base/rounding.jl	314	A	julia-runtime	#9570	Julia runtime primitive mirrored by VM/compiler metadata or a curated Rust intrinsic.	get_zero_subnormals() = ccall(:jl_get_zero_subnormals,Int32,())!=0
base/runtime_internals.jl	21	A	julia-runtime	#9570	Julia runtime primitive mirrored by VM/compiler metadata or a curated Rust intrinsic.	parentmodule(m::Module) = (@_total_meta; ccall(:jl_module_parent, Ref{Module}, (Any,), m))
base/runtime_internals.jl	86	A	julia-runtime	#9570	Julia runtime primitive mirrored by VM/compiler metadata or a curated Rust intrinsic.	file = ccall(:jl_module_getloc, Ref{Symbol}, (Any, Ref{Int32}), m, line)
base/runtime_internals.jl	120	A	julia-runtime	#9570	Julia runtime primitive mirrored by VM/compiler metadata or a curated Rust intrinsic.	ccall(:jl_module_names, Array{Symbol,1}, (Any, Cint, Cint, Cint), m, all, imported, usings)
base/runtime_internals.jl	146	A	julia-runtime	#9570	Julia runtime primitive mirrored by VM/compiler metadata or a curated Rust intrinsic.	isexported(m::Module, s::Symbol) = ccall(:jl_module_exports_p, Cint, (Any, Any), m, s) != 0
base/runtime_internals.jl	177	A	julia-runtime	#9570	Julia runtime primitive mirrored by VM/compiler metadata or a curated Rust intrinsic.	ispublic(m::Module, s::Symbol) = ccall(:jl_module_public_p, Cint, (Any, Any), m, s) != 0
base/runtime_internals.jl	181	A	julia-runtime	#9570	Julia runtime primitive mirrored by VM/compiler metadata or a curated Rust intrinsic.	isdeprecated(m::Module, s::Symbol) = ccall(:jl_is_binding_deprecated, Cint, (Any, Any), m, s) != 0
base/runtime_internals.jl	184	A	julia-runtime	#9570	Julia runtime primitive mirrored by VM/compiler metadata or a curated Rust intrinsic.	p = ccall(:jl_get_module_of_binding, Ptr{Cvoid}, (Any, Any), m, s)
base/runtime_internals.jl	234	A	julia-runtime	#9570	Julia runtime primitive mirrored by VM/compiler metadata or a curated Rust intrinsic.	ccall(:jl_get_binding_partition, Ref{Core.BindingPartition}, (Any, UInt), b, world)
base/runtime_internals.jl	238	A	julia-runtime	#9570	Julia runtime primitive mirrored by VM/compiler metadata or a curated Rust intrinsic.	ccall(:jl_get_binding_partition_with_hint, Ref{Core.BindingPartition}, (Any, Any, UInt), b, previous_partition, world)
base/runtime_internals.jl	245	A	julia-runtime	#9570	Julia runtime primitive mirrored by VM/compiler metadata or a curated Rust intrinsic.	return ccall(:jl_get_module_binding, Ref{Core.Binding}, (Any, Any, Cint), gr.mod, gr.name, true)
base/runtime_internals.jl	254	A	julia-runtime	#9570	Julia runtime primitive mirrored by VM/compiler metadata or a curated Rust intrinsic.	partition_restriction(bpart::Core.BindingPartition) = ccall(:jl_bpart_get_restriction_value, Any, (Any,), bpart)
base/runtime_internals.jl	256	A	julia-runtime	#9570	Julia runtime primitive mirrored by VM/compiler metadata or a curated Rust intrinsic.	binding_kind(bpart::Core.BindingPartition) = ccall(:jl_bpart_get_kind, UInt8, (Any,), bpart)
base/runtime_internals.jl	272	A	julia-runtime	#9570	Julia runtime primitive mirrored by VM/compiler metadata or a curated Rust intrinsic.	ccall(:jl_disable_binding, Cvoid, (Any,), GlobalRef(mod, sym))
base/runtime_internals.jl	422	A	julia-runtime	#9570	Julia runtime primitive mirrored by VM/compiler metadata or a curated Rust intrinsic.	ccall(:jl_is_const, Cint, (Any, Any), m, s) != 0
base/runtime_internals.jl	425	A	julia-runtime	#9570	Julia runtime primitive mirrored by VM/compiler metadata or a curated Rust intrinsic.	return ccall(:jl_globalref_is_const, Cint, (Any,), g) != 0
base/runtime_internals.jl	521	A	julia-runtime	#9570	Julia runtime primitive mirrored by VM/compiler metadata or a curated Rust intrinsic.	datatype_fieldtypes(x::DataType) = ccall(:jl_get_fieldtypes, Core.SimpleVector, (Any,), x)
base/runtime_internals.jl	558	A	julia-runtime	#9570	Julia runtime primitive mirrored by VM/compiler metadata or a curated Rust intrinsic.	isinline = ccall(:jl_islayout_inline, Cint, (Any, Ptr{Csize_t}, Ptr{Csize_t}), T, sz, algn) != 0
base/runtime_internals.jl	581	A	julia-runtime	#9570	Julia runtime primitive mirrored by VM/compiler metadata or a curated Rust intrinsic.	gc_alignment(sz::Integer) = Int(ccall(:jl_alignment, Cint, (Csize_t,), sz))
base/runtime_internals.jl	856	A	julia-runtime	#9570	Julia runtime primitive mirrored by VM/compiler metadata or a curated Rust intrinsic.	return ccall(:jl_object_id, UInt, (Any,), x)
base/runtime_internals.jl	1012	A	julia-runtime	#9570	Julia runtime primitive mirrored by VM/compiler metadata or a curated Rust intrinsic.	typeintersect(@nospecialize(a), @nospecialize(b)) = (@_total_meta; ccall(:jl_type_intersection, Any, (Any, Any), a::Type, b::Type))
base/runtime_internals.jl	1014	A	julia-runtime	#9570	Julia runtime primitive mirrored by VM/compiler metadata or a curated Rust intrinsic.	morespecific(@nospecialize(a), @nospecialize(b)) = (@_total_meta; ccall(:jl_type_morespecific, Cint, (Any, Any), a::Type, b::Type) != 0)
base/runtime_internals.jl	1015	A	julia-runtime	#9570	Julia runtime primitive mirrored by VM/compiler metadata or a curated Rust intrinsic.	morespecific(a::Method, b::Method) = ccall(:jl_method_morespecific, Cint, (Any, Any), a, b) != 0
base/runtime_internals.jl	1044	A	julia-runtime	#9570	Julia runtime primitive mirrored by VM/compiler metadata or a curated Rust intrinsic.	fieldoffset(x::DataType, idx::Integer) = (@_foldable_meta; ccall(:jl_get_field_offset, Csize_t, (Any, Cint), x, idx))
base/runtime_internals.jl	1096	A	julia-runtime	#9570	Julia runtime primitive mirrored by VM/compiler metadata or a curated Rust intrinsic.	return Int(ccall(:jl_field_index, Cint, (Any, Any, Cint), T, name, true)+1)
base/runtime_internals.jl	1102	A	julia-runtime	#9570	Julia runtime primitive mirrored by VM/compiler metadata or a curated Rust intrinsic.	return Int(ccall(:jl_field_index, Cint, (Any, Any, Cint), T, name, false)+1)
base/runtime_internals.jl	1117	A	julia-runtime	#9570	Julia runtime primitive mirrored by VM/compiler metadata or a curated Rust intrinsic.	return ccall(:jl_argument_datatype, Any, (Any,), t)::Union{Nothing,DataType}
base/runtime_internals.jl	1234	A	julia-runtime	#9570	Julia runtime primitive mirrored by VM/compiler metadata or a curated Rust intrinsic.	mt = ccall(:jl_method_get_table, Any, (Any,), m)
base/runtime_internals.jl	1269	A	julia-runtime	#9570	Julia runtime primitive mirrored by VM/compiler metadata or a curated Rust intrinsic.	get_world_counter() = ccall(:jl_get_world_counter, UInt, ())
base/runtime_internals.jl	1276	A	julia-runtime	#9570	Julia runtime primitive mirrored by VM/compiler metadata or a curated Rust intrinsic.	tls_world_age() = ccall(:jl_get_tls_world_age, UInt, ())
base/runtime_internals.jl	1318	A	julia-runtime	#9570	Julia runtime primitive mirrored by VM/compiler metadata or a curated Rust intrinsic.	ccall(:jl_method_table_disable, Cvoid, (Any,), m)
base/runtime_internals.jl	1415	A	julia-runtime	#9570	Julia runtime primitive mirrored by VM/compiler metadata or a curated Rust intrinsic.	return ccall(:jl_matching_methods, Any, (Any, Any, Cint, Cint, UInt, Ptr{UInt}, Ptr{UInt}, Ptr{Int32}), t, mt, lim, ambig, world, min, max, has_ambig)::Union{Vector{Any},Nothing}
base/runtime_internals.jl	1424	A	julia-runtime	#9570	Julia runtime primitive mirrored by VM/compiler metadata or a curated Rust intrinsic.	s = ccall(:jl_uncompress_ir, Ref{CodeInfo}, (Any, Ptr{Cvoid}, Any), m, C_NULL, s)
base/runtime_internals.jl	1430	A	julia-runtime	#9570	Julia runtime primitive mirrored by VM/compiler metadata or a curated Rust intrinsic.	ccall(:jl_uncompress_ir, Ref{CodeInfo}, (Any, Any, Any), codeinst.def.def::Method, codeinst, s)
base/runtime_internals.jl	1445	A	julia-runtime	#9570	Julia runtime primitive mirrored by VM/compiler metadata or a curated Rust intrinsic.	ccall(:jl_generating_output, Cint, ()) == 0 && return false
base/runtime_internals.jl	1453	A	julia-runtime	#9570	Julia runtime primitive mirrored by VM/compiler metadata or a curated Rust intrinsic.	ast_slotflag(@nospecialize(code), i) = ccall(:jl_ir_slotflag, UInt8, (Any, Csize_t), code, i - 1)
base/runtime_internals.jl	1494	A	julia-runtime	#9570	Julia runtime primitive mirrored by VM/compiler metadata or a curated Rust intrinsic.	nslots = ccall(:jl_ir_nslots, Int, (Any,), code)
base/runtime_internals.jl	1560	A	julia-runtime	#9570	Julia runtime primitive mirrored by VM/compiler metadata or a curated Rust intrinsic.	sp_ = ccall(:jl_type_intersection_with_env, Any, (Any, Any), at2, method.sig)::SimpleVector
base/runtime_internals.jl	1568	A	julia-runtime	#9570	Julia runtime primitive mirrored by VM/compiler metadata or a curated Rust intrinsic.	return ccall(:jl_normalize_to_compilable_sig, Any, (Any, Any, Any, Cint),
base/runtime_internals.jl	1591	A	julia-runtime	#9570	Julia runtime primitive mirrored by VM/compiler metadata or a curated Rust intrinsic.	return ccall(:jl_specializations_lookup, Any, (Any, Any), method, atype)::Union{Nothing,MethodInstance}
base/runtime_internals.jl	1593	A	julia-runtime	#9570	Julia runtime primitive mirrored by VM/compiler metadata or a curated Rust intrinsic.	return ccall(:jl_specializations_get_linfo, Ref{MethodInstance}, (Any, Any, Any), method, atype, sparams)
base/runtime_internals.jl	1606	A	julia-runtime	#9570	Julia runtime primitive mirrored by VM/compiler metadata or a curated Rust intrinsic.	_topmod(m::Module) = ccall(:jl_base_relative_to, Any, (Any,), m)::Module
base/runtime_internals.jl	1695	A	julia-runtime	#9570	Julia runtime primitive mirrored by VM/compiler metadata or a curated Rust intrinsic.	has_image_globalref(m::Method) = ccall(:jl_ir_flag_has_image_globalref, Bool, (Any,), m.source)
base/secretbuffer.jl	86	A	string-memory	#9570	Memory/string primitives must be VM-owned or pure-Rust helpers, not arbitrary native calls.	len = Int(ccall(:strlen, Csize_t, (Cstring,), s))
base/show.jl	525	A	julia-runtime	#9570	Julia runtime primitive mirrored by VM/compiler metadata or a curated Rust intrinsic.	if ccall(:jl_is_in_pure_context, Bool, ())
base/show.jl	632	A	julia-runtime	#9570	Julia runtime primitive mirrored by VM/compiler metadata or a curated Rust intrinsic.	(ti, env) = ccall(:jl_type_intersection_with_env, Any, (Any, Any), x, alias)::SimpleVector
base/show.jl	639	C	docs-example	#9570	Commented/documentation-only native call text is not a shipped sjulia surface.	#   (ti, env) = ccall(:jl_type_intersection_with_env, Any, (Any, Any), T, Vector)
base/show.jl	694	A	julia-runtime	#9570	Julia runtime primitive mirrored by VM/compiler metadata or a curated Rust intrinsic.	ccall(:jl_types_egal, Cint, (Any, Any), p.ub, o.ub) != 0 &&
base/show.jl	695	A	julia-runtime	#9570	Julia runtime primitive mirrored by VM/compiler metadata or a curated Rust intrinsic.	ccall(:jl_types_egal, Cint, (Any, Any), p.lb, o.lb) != 0
base/show.jl	835	A	julia-runtime	#9570	Julia runtime primitive mirrored by VM/compiler metadata or a curated Rust intrinsic.	(ti, env) = ccall(:jl_type_intersection_with_env, Any, (Any, Any), x, alias)::SimpleVector
base/show.jl	1054	A	julia-runtime	#9570	Julia runtime primitive mirrored by VM/compiler metadata or a curated Rust intrinsic.	bnd = ccall(:jl_get_module_binding, Ref{Core.Binding}, (Any, Any, Cint), tn.module, tn.name, true)
base/show.jl	1542	A	julia-runtime	#9570	Julia runtime primitive mirrored by VM/compiler metadata or a curated Rust intrinsic.	is_id_start_char(c::AbstractChar) = ccall(:jl_id_start_char, Cint, (UInt32,), c) != 0
base/show.jl	1543	A	julia-runtime	#9570	Julia runtime primitive mirrored by VM/compiler metadata or a curated Rust intrinsic.	is_id_char(c::AbstractChar) = ccall(:jl_id_char, Cint, (UInt32,), c) != 0
base/show.jl	1575	A	julia-runtime	#9570	Julia runtime primitive mirrored by VM/compiler metadata or a curated Rust intrinsic.	is_op_suffix_char(c::AbstractChar) = ccall(:jl_op_suffix_char, Cint, (UInt32,), c) != 0
base/show.jl	1577	A	julia-runtime	#9570	Julia runtime primitive mirrored by VM/compiler metadata or a curated Rust intrinsic.	_isoperator(s) = ccall(:jl_is_operator, Cint, (Cstring,), s) != 0
base/show.jl	1603	A	julia-runtime	#9570	Julia runtime primitive mirrored by VM/compiler metadata or a curated Rust intrinsic.	isunaryoperator(s::Symbol) = ccall(:jl_is_unary_operator, Cint, (Cstring,), s) != 0
base/show.jl	1604	A	julia-runtime	#9570	Julia runtime primitive mirrored by VM/compiler metadata or a curated Rust intrinsic.	is_unary_and_binary_operator(s::Symbol) = ccall(:jl_is_unary_and_binary_operator, Cint, (Cstring,), s) != 0
base/show.jl	1605	A	julia-runtime	#9570	Julia runtime primitive mirrored by VM/compiler metadata or a curated Rust intrinsic.	is_syntactic_operator(s::Symbol) = ccall(:jl_is_syntactic_operator, Cint, (Cstring,), s) != 0
base/show.jl	1655	A	julia-runtime	#9570	Julia runtime primitive mirrored by VM/compiler metadata or a curated Rust intrinsic.	operator_precedence(s::Symbol) = Int(ccall(:jl_operator_precedence, Cint, (Cstring,), s))
base/stacktraces.jl	110	A	julia-runtime	#9570	Julia runtime primitive mirrored by VM/compiler metadata or a curated Rust intrinsic.	infos = ccall(:jl_lookup_code_address, Any, (Ptr{Cvoid}, Cint), pointer, false)::Core.SimpleVector
base/staticdata.jl	501	A	julia-runtime	#9570	Julia runtime primitive mirrored by VM/compiler metadata or a curated Rust intrinsic.	ccall(:jl_promote_mi_to_current, Cvoid, (Any, UInt, UInt), mi, minworld[], world)
base/stat.jl	95	A	julia-runtime	#9570	Julia runtime primitive mirrored by VM/compiler metadata or a curated Rust intrinsic.	ioerrno != 0 ? zero(UInt32) : ccall(:jl_stat_dev,     UInt32,  (Ptr{UInt8},), buf),
base/stat.jl	96	A	julia-runtime	#9570	Julia runtime primitive mirrored by VM/compiler metadata or a curated Rust intrinsic.	ioerrno != 0 ? zero(UInt32) : ccall(:jl_stat_ino,     UInt32,  (Ptr{UInt8},), buf),
base/stat.jl	97	A	julia-runtime	#9570	Julia runtime primitive mirrored by VM/compiler metadata or a curated Rust intrinsic.	ioerrno != 0 ? zero(UInt32) : ccall(:jl_stat_mode,    UInt32,  (Ptr{UInt8},), buf),
base/stat.jl	98	A	julia-runtime	#9570	Julia runtime primitive mirrored by VM/compiler metadata or a curated Rust intrinsic.	ioerrno != 0 ? zero(UInt32) : ccall(:jl_stat_nlink,   UInt32,  (Ptr{UInt8},), buf),
base/stat.jl	99	A	julia-runtime	#9570	Julia runtime primitive mirrored by VM/compiler metadata or a curated Rust intrinsic.	ioerrno != 0 ? zero(UInt32) : ccall(:jl_stat_uid,     UInt32,  (Ptr{UInt8},), buf),
base/stat.jl	100	A	julia-runtime	#9570	Julia runtime primitive mirrored by VM/compiler metadata or a curated Rust intrinsic.	ioerrno != 0 ? zero(UInt32) : ccall(:jl_stat_gid,     UInt32,  (Ptr{UInt8},), buf),
base/stat.jl	101	A	julia-runtime	#9570	Julia runtime primitive mirrored by VM/compiler metadata or a curated Rust intrinsic.	ioerrno != 0 ? zero(UInt32) : ccall(:jl_stat_rdev,    UInt32,  (Ptr{UInt8},), buf),
base/stat.jl	102	A	julia-runtime	#9570	Julia runtime primitive mirrored by VM/compiler metadata or a curated Rust intrinsic.	ioerrno != 0 ? zero(UInt64) : ccall(:jl_stat_size,    UInt64,  (Ptr{UInt8},), buf),
base/stat.jl	103	A	julia-runtime	#9570	Julia runtime primitive mirrored by VM/compiler metadata or a curated Rust intrinsic.	ioerrno != 0 ? zero(UInt64) : ccall(:jl_stat_blksize, UInt64,  (Ptr{UInt8},), buf),
base/stat.jl	104	A	julia-runtime	#9570	Julia runtime primitive mirrored by VM/compiler metadata or a curated Rust intrinsic.	ioerrno != 0 ? zero(UInt64) : ccall(:jl_stat_blocks,  UInt64,  (Ptr{UInt8},), buf),
base/stat.jl	105	A	julia-runtime	#9570	Julia runtime primitive mirrored by VM/compiler metadata or a curated Rust intrinsic.	ioerrno != 0 ? zero(Float64) : ccall(:jl_stat_mtime,   Float64, (Ptr{UInt8},), buf),
base/stat.jl	106	A	julia-runtime	#9570	Julia runtime primitive mirrored by VM/compiler metadata or a curated Rust intrinsic.	ioerrno != 0 ? zero(Float64) : ccall(:jl_stat_ctime,   Float64, (Ptr{UInt8},), buf),
base/stat.jl	191	A	julia-runtime	#9570	Julia runtime primitive mirrored by VM/compiler metadata or a curated Rust intrinsic.	stat_buf = fill!(Memory{UInt8}(undef, Int(ccall(:jl_sizeof_stat, Int32, ()))), 0x00)
base/stat.jl	192	A	os-libuv-io	#9570	If supported, this must be a curated Rust host/OS boundary with WASM+iOS fallbacks.	r = ccall($(Expr(:quote, sym)), Int32, ($(esc(arg1type)), Ptr{UInt8}), $(esc(arg)), stat_buf)
base/stat.jl	377	A	julia-runtime	#9570	Julia runtime primitive mirrored by VM/compiler metadata or a curated Rust intrinsic.	r = ccall(:jl_fs_access, Cint, (Cstring, Cint), path, F_OK)
base/stream.jl	196	A	os-libuv-io	#9570	If supported, this must be a curated Rust host/OS boundary with WASM+iOS fallbacks.	err = ccall(:uv_pipe_init, Cint, (Ptr{Cvoid}, Ptr{Cvoid}, Cint), eventloop(), pipe.handle, 0)
base/stream.jl	206	A	os-libuv-io	#9570	If supported, this must be a curated Rust host/OS boundary with WASM+iOS fallbacks.	err = ccall(:uv_pipe_open, Int32, (Ptr{Cvoid}, OS_HANDLE), pipe.handle, fd)
base/stream.jl	240	A	julia-runtime	#9570	Julia runtime primitive mirrored by VM/compiler metadata or a curated Rust intrinsic.	tty.ispty = ccall(:jl_ispty, Cint, (Ptr{Cvoid},), handle) != 0
base/stream.jl	249	A	os-libuv-io	#9570	If supported, this must be a curated Rust host/OS boundary with WASM+iOS fallbacks.	err = ccall(:uv_tty_init, Int32, (Ptr{Cvoid}, Ptr{Cvoid}, OS_HANDLE, Int32),
base/stream.jl	274	A	os-libuv-io	#9570	If supported, this must be a curated Rust host/OS boundary with WASM+iOS fallbacks.	return ccall(:uv_is_readable, Cint, (Ptr{Cvoid},), io.handle) != 0
base/stream.jl	280	A	os-libuv-io	#9570	If supported, this must be a curated Rust host/OS boundary with WASM+iOS fallbacks.	return ccall(:uv_is_writable, Cint, (Ptr{Cvoid},), io.handle) != 0
base/stream.jl	292	A	julia-runtime	#9570	Julia runtime primitive mirrored by VM/compiler metadata or a curated Rust intrinsic.	t = ccall(:jl_uv_handle_type, Int32, (Ptr{Cvoid},), handle)
base/stream.jl	295	A	julia-runtime	#9570	Julia runtime primitive mirrored by VM/compiler metadata or a curated Rust intrinsic.	fd = ccall(:jl_uv_file_handle, OS_HANDLE, (Ptr{Cvoid},), handle)
base/stream.jl	300	A	os-libuv-io	#9570	If supported, this must be a curated Rust host/OS boundary with WASM+iOS fallbacks.	fd = ccall(:_open_osfhandle, RawFD, (WindowsRawSocket, Int32), fd, 0)
base/stream.jl	332	A	os-libuv-io	#9570	If supported, this must be a curated Rust host/OS boundary with WASM+iOS fallbacks.	t = ccall(:uv_guess_handle, Cint, (OS_HANDLE,), h)
base/stream.jl	337	A	os-libuv-io	#9570	If supported, this must be a curated Rust host/OS boundary with WASM+iOS fallbacks.	h = ccall(:_open_osfhandle, RawFD, (WindowsRawSocket, Int32), h, 0)
base/stream.jl	349	A	julia-runtime	#9570	Julia runtime primitive mirrored by VM/compiler metadata or a curated Rust intrinsic.	if ccall(:jl_ispty, Cint, (Ptr{Cvoid},), io.handle) != 0
base/stream.jl	370	A	os-libuv-io	#9570	If supported, this must be a curated Rust host/OS boundary with WASM+iOS fallbacks.	ccall(:_close, Cint, (RawFD,), fd) # on success, destroy the old libc handle
base/stream.jl	373	A	os-libuv-io	#9570	If supported, this must be a curated Rust host/OS boundary with WASM+iOS fallbacks.	ccall(:CloseHandle, stdcall, Cint, (OS_HANDLE,), h) # on failure, destroy the new nt handle
base/stream.jl	445	A	os-libuv-io	#9570	If supported, this must be a curated Rust host/OS boundary with WASM+iOS fallbacks.	err = ccall(:uv_shutdown, Int32, (Ptr{Cvoid}, Ptr{Cvoid}, Ptr{Cvoid}),
base/stream.jl	478	A	os-libuv-io	#9570	If supported, this must be a curated Rust host/OS boundary with WASM+iOS fallbacks.	if status < 0 || ccall(:uv_is_readable, Cint, (Ptr{Cvoid},), s.handle) == 0
base/stream.jl	505	A	julia-runtime	#9570	Julia runtime primitive mirrored by VM/compiler metadata or a curated Rust intrinsic.	ccall(:jl_forceclose_uv, Cvoid, (Ptr{Cvoid},), stream.handle)
base/stream.jl	509	A	julia-runtime	#9570	Julia runtime primitive mirrored by VM/compiler metadata or a curated Rust intrinsic.	ccall(:jl_close_uv, Cvoid, (Ptr{Cvoid},), stream.handle)
base/stream.jl	525	A	julia-runtime	#9570	Julia runtime primitive mirrored by VM/compiler metadata or a curated Rust intrinsic.	ccall(:jl_forceclose_uv, Cvoid, (Ptr{Cvoid},), uv.handle)
base/stream.jl	528	A	julia-runtime	#9570	Julia runtime primitive mirrored by VM/compiler metadata or a curated Rust intrinsic.	ccall(:jl_close_uv, Cvoid, (Ptr{Cvoid},), uv.handle)
base/stream.jl	603	A	os-libuv-io	#9570	If supported, this must be a curated Rust host/OS boundary with WASM+iOS fallbacks.	Base.uv_error("size (TTY)", ccall(:uv_tty_get_winsize,
base/stream.jl	645	A	julia-runtime	#9570	Julia runtime primitive mirrored by VM/compiler metadata or a curated Rust intrinsic.	ccall(:jl_uv_buf_set_len, Cvoid, (Ptr{Cvoid}, Csize_t), buf, 0)
base/stream.jl	665	A	julia-runtime	#9570	Julia runtime primitive mirrored by VM/compiler metadata or a curated Rust intrinsic.	ccall(:jl_uv_buf_set_base, Cvoid, (Ptr{Cvoid}, Ptr{Cvoid}), buf, data)
base/stream.jl	666	A	julia-runtime	#9570	Julia runtime primitive mirrored by VM/compiler metadata or a curated Rust intrinsic.	ccall(:jl_uv_buf_set_len, Cvoid, (Ptr{Cvoid}, Csize_t), buf, newsize)
base/stream.jl	672	A	julia-runtime	#9570	Julia runtime primitive mirrored by VM/compiler metadata or a curated Rust intrinsic.	nrequested = ccall(:jl_uv_buf_len, Csize_t, (Ptr{Cvoid},), buf)
base/stream.jl	685	A	os-libuv-io	#9570	If supported, this must be a curated Rust host/OS boundary with WASM+iOS fallbacks.	elseif !(stream isa PipeEndpoint) && ccall(:uv_is_writable, Cint, (Ptr{Cvoid},), stream.handle) != 0
base/stream.jl	689	A	julia-runtime	#9570	Julia runtime primitive mirrored by VM/compiler metadata or a curated Rust intrinsic.	ccall(:jl_close_uv, Cvoid, (Ptr{Cvoid},), stream.handle)
base/stream.jl	697	A	julia-runtime	#9570	Julia runtime primitive mirrored by VM/compiler metadata or a curated Rust intrinsic.	ccall(:jl_close_uv, Cvoid, (Ptr{Cvoid},), stream.handle)
base/stream.jl	715	A	os-libuv-io	#9570	If supported, this must be a curated Rust host/OS boundary with WASM+iOS fallbacks.	ccall(:uv_read_stop, Cint, (Ptr{Cvoid},), stream)
base/stream.jl	816	A	os-libuv-io	#9570	If supported, this must be a curated Rust host/OS boundary with WASM+iOS fallbacks.	err = ccall(:uv_pipe_open, Int32, (Ptr{Cvoid}, OS_HANDLE), p.handle, handle)
base/stream.jl	845	A	os-libuv-io	#9570	If supported, this must be a curated Rust host/OS boundary with WASM+iOS fallbacks.	err = ccall(:uv_pipe, Int32, (Ptr{Pair{OS_HANDLE, OS_HANDLE}}, Cint, Cint),
base/stream.jl	855	A	os-libuv-io	#9570	If supported, this must be a curated Rust host/OS boundary with WASM+iOS fallbacks.	ccall(:CloseHandle, stdcall, Cint, (WindowsRawSocket,), handle)
base/stream.jl	860	A	os-libuv-io	#9570	If supported, this must be a curated Rust host/OS boundary with WASM+iOS fallbacks.	ccall(:close, Cint, (RawFD,), handle)
base/stream.jl	878	A	os-libuv-io	#9570	If supported, this must be a curated Rust host/OS boundary with WASM+iOS fallbacks.	ret = ccall(:uv_read_start, Cint, (Ptr{Cvoid}, Ptr{Cvoid}, Ptr{Cvoid}),
base/stream.jl	903	A	os-libuv-io	#9570	If supported, this must be a curated Rust host/OS boundary with WASM+iOS fallbacks.	ccall(:uv_read_stop, Cint, (Ptr{Cvoid},), stream)
base/stream.jl	1114	A	julia-runtime	#9570	Julia runtime primitive mirrored by VM/compiler metadata or a curated Rust intrinsic.	err = ccall(:jl_uv_write,
base/stream.jl	1228	A	os-libuv-io	#9570	If supported, this must be a curated Rust host/OS boundary with WASM+iOS fallbacks.	err = ccall(:uv_fileno, Int32, (Ptr{Cvoid}, Ptr{OS_HANDLE}), x.handle, fd)
base/stream.jl	1248	A	os-libuv-io	#9570	If supported, this must be a curated Rust host/OS boundary with WASM+iOS fallbacks.	ccall(:SetStdHandle, stdcall, Int32, (Int32, OS_HANDLE),
base/strings/basic.jl	365	A	string-memory	#9570	Memory/string primitives must be VM-owned or pure-Rust helpers, not arbitrary native calls.	Int(sign(ccall(:strcmp, Int32, (Cstring, Cstring), a, b)))
base/strings/cstring.jl	79	A	string-memory	#9570	Memory/string primitives must be VM-owned or pure-Rust helpers, not arbitrary native calls.	C_NULL != ccall(:memchr, Ptr{Cchar}, (Ptr{Cchar}, Cint, Csize_t), p, 0, len)
base/strings/cstring.jl	108	A	julia-runtime	#9570	Julia runtime primitive mirrored by VM/compiler metadata or a curated Rust intrinsic.	if ccall(:jl_get_UNAME, Any, ()) === :NT
base/strings/search.jl	93	A	string-memory	#9570	Memory/string primitives must be VM-owned or pure-Rust helpers, not arbitrary native calls.	q = ccall(:memchr, Ptr{UInt8}, (Ptr{UInt8}, Int32, Csize_t), p+i-fst, b, n_bytes)
base/strings/search.jl	146	A	string-memory	#9570	Memory/string primitives must be VM-owned or pure-Rust helpers, not arbitrary native calls.	q = ccall(:memrchr, Ptr{UInt8}, (Ptr{UInt8}, Int32, Csize_t), p, b, i-fst+1)
base/strings/string.jl	66	C	docs-example	#9570	Commented/documentation-only native call text is not a shipped sjulia surface.	#return ccall(:jl_array_to_string, Ref{String}, (Any,), v)
base/strings/string.jl	71	A	julia-runtime	#9570	Julia runtime primitive mirrored by VM/compiler metadata or a curated Rust intrinsic.	str = ccall(:jl_genericmemory_to_string, Ref{String}, (Any, Int), ref.mem, len)
base/strings/string.jl	73	A	julia-runtime	#9570	Julia runtime primitive mirrored by VM/compiler metadata or a curated Rust intrinsic.	str = ccall(:jl_pchar_to_string, Ref{String}, (Ptr{UInt8}, Int), ref, len)
base/strings/string.jl	84	A	julia-runtime	#9570	Julia runtime primitive mirrored by VM/compiler metadata or a curated Rust intrinsic.	isempty(m) ? "" : ccall(:jl_genericmemory_to_string, Ref{String}, (Any, Int), m, length(m))
base/strings/string.jl	99	A	julia-runtime	#9570	Julia runtime primitive mirrored by VM/compiler metadata or a curated Rust intrinsic.	ccall(:jl_pchar_to_string, Ref{String}, (Ptr{UInt8}, Int), p, len)
base/strings/string.jl	103	A	julia-runtime	#9570	Julia runtime primitive mirrored by VM/compiler metadata or a curated Rust intrinsic.	ccall(:jl_cstr_to_string, Ref{String}, (Ptr{UInt8},), p)
base/strings/string.jl	120	A	julia-runtime	#9570	Julia runtime primitive mirrored by VM/compiler metadata or a curated Rust intrinsic.	unsafe_wrap(::Type{Memory{UInt8}}, s::String) = ccall(:jl_string_to_genericmemory, Ref{Memory{UInt8}}, (Any,), s)
base/strings/substring.jl	140	A	string-memory	#9570	Memory/string primitives must be VM-owned or pure-Rust helpers, not arbitrary native calls.	ccall(memhash, UInt, (Ptr{UInt8}, Csize_t, UInt32), s, sizeof(s), h % UInt32) + h
base/strings/substring.jl	196	A	julia-runtime	#9570	Julia runtime primitive mirrored by VM/compiler metadata or a curated Rust intrinsic.	return ccall(:jl_symbol_n, Ref{Symbol}, (Ptr{UInt8}, Int), s, sizeof(s))
base/strings/unicode.jl	148	A	unicode-utf8proc	#9570	Unicode/utf8proc behavior must be mirrored by VM-owned or pure-Rust Unicode support, not arbitrary native calls.	utf8proc_error(result) = error(unsafe_string(ccall(:utf8proc_errmsg, Cstring, (Cssize_t,), result)))
base/strings/unicode.jl	155	A	unicode-utf8proc	#9570	Unicode/utf8proc behavior must be mirrored by VM-owned or pure-Rust Unicode support, not arbitrary native calls.	ret = ccall(:utf8proc_decompose, Int, (Ptr{UInt8}, Int, Ptr{UInt8}, Int, Cint),
base/strings/unicode.jl	161	A	unicode-utf8proc	#9570	Unicode/utf8proc behavior must be mirrored by VM-owned or pure-Rust Unicode support, not arbitrary native calls.	ret = ccall(:utf8proc_decompose_custom, Int, (Ptr{UInt8}, Int, Ptr{UInt8}, Int, Cint, Ptr{Cvoid}, Ref{F}),
base/strings/unicode.jl	172	A	unicode-utf8proc	#9570	Unicode/utf8proc behavior must be mirrored by VM-owned or pure-Rust Unicode support, not arbitrary native calls.	nbytes = ccall(:utf8proc_reencode, Int, (Ptr{UInt8}, Int, Cint), buffer, nwords, options)
base/strings/unicode.jl	274	A	unicode-utf8proc	#9570	Unicode/utf8proc behavior must be mirrored by VM-owned or pure-Rust Unicode support, not arbitrary native calls.	Int(ccall(:utf8proc_charwidth, Cint, (UInt32,), c))
base/strings/unicode.jl	309	A	unicode-utf8proc	#9570	Unicode/utf8proc behavior must be mirrored by VM-owned or pure-Rust Unicode support, not arbitrary native calls.	T(ccall(:utf8proc_tolower, UInt32, (UInt32,), c))
base/strings/unicode.jl	330	A	unicode-utf8proc	#9570	Unicode/utf8proc behavior must be mirrored by VM-owned or pure-Rust Unicode support, not arbitrary native calls.	T(ccall(:utf8proc_toupper, UInt32, (UInt32,), c))
base/strings/unicode.jl	355	A	unicode-utf8proc	#9570	Unicode/utf8proc behavior must be mirrored by VM-owned or pure-Rust Unicode support, not arbitrary native calls.	T(ccall(:utf8proc_totitle, UInt32, (UInt32,), c))
base/strings/unicode.jl	374	A	unicode-utf8proc	#9570	Unicode/utf8proc behavior must be mirrored by VM-owned or pure-Rust Unicode support, not arbitrary native calls.	unsafe_string(ccall(:utf8proc_category_string, Cstring, (UInt32,), c))
base/strings/unicode.jl	796	A	unicode-utf8proc	#9570	Unicode/utf8proc behavior must be mirrored by VM-owned or pure-Rust Unicode support, not arbitrary native calls.	ccall(:utf8proc_grapheme_break, Bool, (UInt32, UInt32), c1, c2)
base/strings/unicode.jl	806	A	unicode-utf8proc	#9570	Unicode/utf8proc behavior must be mirrored by VM-owned or pure-Rust Unicode support, not arbitrary native calls.	ccall(:utf8proc_grapheme_break_stateful, Bool,
base/summarysize.jl	11	A	julia-runtime	#9570	Julia runtime primitive mirrored by VM/compiler metadata or a curated Rust intrinsic.	nth_pointer_isdefined(obj, i::Int) = ccall(:jl_nth_pointer_isdefined, Cint, (Any, Csize_t), obj, i-1) != 0
base/summarysize.jl	12	A	julia-runtime	#9570	Julia runtime primitive mirrored by VM/compiler metadata or a curated Rust intrinsic.	get_nth_pointer(obj, i::Int) = ccall(:jl_get_nth_pointer, Any, (Any, Csize_t), obj, i-1)
base/summarysize.jl	99	A	julia-runtime	#9570	Julia runtime primitive mirrored by VM/compiler metadata or a curated Rust intrinsic.	key = ccall(:jl_value_ptr, Ptr{Cvoid}, (Any,), obj)
base/summarysize.jl	122	A	julia-runtime	#9570	Julia runtime primitive mirrored by VM/compiler metadata or a curated Rust intrinsic.	key = ccall(:jl_value_ptr, Ptr{Cvoid}, (Any,), obj)
base/sysimg.jl	9	A	julia-runtime	#9570	Julia runtime primitive mirrored by VM/compiler metadata or a curated Rust intrinsic.	ccall(:jl_init_restored_module, Cvoid, (Any,), Base)
base/sysimg.jl	135	A	julia-runtime	#9570	Julia runtime primitive mirrored by VM/compiler metadata or a curated Rust intrinsic.	ccall(:jl_clear_implicit_imports, Cvoid, (Any,), Main)
base/sysinfo.jl	50	A	julia-runtime	#9570	Julia runtime primitive mirrored by VM/compiler metadata or a curated Rust intrinsic.	global BINDIR::String = ccall(:jl_get_julia_bindir, Any, ())::String
base/sysinfo.jl	81	A	julia-runtime	#9570	Julia runtime primitive mirrored by VM/compiler metadata or a curated Rust intrinsic.	const ARCH = ccall(:jl_get_ARCH, Any, ())::Symbol
base/sysinfo.jl	89	A	julia-runtime	#9570	Julia runtime primitive mirrored by VM/compiler metadata or a curated Rust intrinsic.	const KERNEL = ccall(:jl_get_UNAME, Any, ())::Symbol
base/sysinfo.jl	158	A	julia-runtime	#9570	Julia runtime primitive mirrored by VM/compiler metadata or a curated Rust intrinsic.	env_threads = Int(ccall(:jl_cpu_threads, Int32, ()))
base/sysinfo.jl	163	A	julia-runtime	#9570	Julia runtime primitive mirrored by VM/compiler metadata or a curated Rust intrinsic.	Int(ccall(:jl_cpu_threads, Int32, ()))
base/sysinfo.jl	165	A	julia-runtime	#9570	Julia runtime primitive mirrored by VM/compiler metadata or a curated Rust intrinsic.	global SC_CLK_TCK = ccall(:jl_SC_CLK_TCK, Clong, ())
base/sysinfo.jl	166	A	julia-runtime	#9570	Julia runtime primitive mirrored by VM/compiler metadata or a curated Rust intrinsic.	global CPU_NAME = ccall(:jl_get_cpu_name, Ref{String}, ())
base/sysinfo.jl	167	A	julia-runtime	#9570	Julia runtime primitive mirrored by VM/compiler metadata or a curated Rust intrinsic.	global JIT = ccall(:jl_get_JIT, Ref{String}, ())
base/sysinfo.jl	168	A	julia-runtime	#9570	Julia runtime primitive mirrored by VM/compiler metadata or a curated Rust intrinsic.	global PAGESIZE = Int(Sys.isunix() ? ccall(:jl_getpagesize, Clong, ()) : ccall(:jl_getallocationgranularity, Clong, ()))
base/sysinfo.jl	175	A	julia-runtime	#9570	Julia runtime primitive mirrored by VM/compiler metadata or a curated Rust intrinsic.	global BINDIR = ccall(:jl_get_julia_bindir, Any, ())::String
base/sysinfo.jl	305	A	os-libuv-io	#9570	If supported, this must be a curated Rust host/OS boundary with WASM+iOS fallbacks.	err = ccall(:uv_cpu_info, Int32, (Ptr{Ptr{UV_cpu_info_t}}, Ptr{Int32}), UVcpus, count)
base/sysinfo.jl	311	A	os-libuv-io	#9570	If supported, this must be a curated Rust host/OS boundary with WASM+iOS fallbacks.	ccall(:uv_free_cpu_info, Cvoid, (Ptr{UV_cpu_info_t}, Int32), UVcpus[], count[])
base/sysinfo.jl	322	A	os-libuv-io	#9570	If supported, this must be a curated Rust host/OS boundary with WASM+iOS fallbacks.	err = ccall(:uv_uptime, Int32, (Ptr{Float64},), uptime_)
base/sysinfo.jl	334	A	os-libuv-io	#9570	If supported, this must be a curated Rust host/OS boundary with WASM+iOS fallbacks.	ccall(:uv_loadavg, Cvoid, (Ptr{Float64},), loadavg_)
base/sysinfo.jl	344	A	os-libuv-io	#9570	If supported, this must be a curated Rust host/OS boundary with WASM+iOS fallbacks.	free_physical_memory() = ccall(:uv_get_free_memory, UInt64, ())
base/sysinfo.jl	352	A	os-libuv-io	#9570	If supported, this must be a curated Rust host/OS boundary with WASM+iOS fallbacks.	total_physical_memory() = ccall(:uv_get_total_memory, UInt64, ())
base/sysinfo.jl	359	A	os-libuv-io	#9570	If supported, this must be a curated Rust host/OS boundary with WASM+iOS fallbacks.	free_memory() = ccall(:uv_get_available_memory, UInt64, ())
base/sysinfo.jl	369	A	os-libuv-io	#9570	If supported, this must be a curated Rust host/OS boundary with WASM+iOS fallbacks.	constrained = ccall(:uv_get_constrained_memory, UInt64, ())
base/sysinfo.jl	385	A	os-libuv-io	#9570	If supported, this must be a curated Rust host/OS boundary with WASM+iOS fallbacks.	err = ccall(:uv_get_process_title, Cint, (Ptr{UInt8}, Cint), buf, 512)
base/sysinfo.jl	396	A	os-libuv-io	#9570	If supported, this must be a curated Rust host/OS boundary with WASM+iOS fallbacks.	err = ccall(:uv_set_process_title, Cint, (Cstring,), title)
base/sysinfo.jl	408	A	julia-runtime	#9570	Julia runtime primitive mirrored by VM/compiler metadata or a curated Rust intrinsic.	maxrss() = ccall(:jl_maxrss, Csize_t, ())
base/sysinfo.jl	563	A	os-libuv-io	#9570	If supported, this must be a curated Rust host/OS boundary with WASM+iOS fallbacks.	verinfo = ccall(:GetVersion, UInt32, ())
base/task.jl	226	A	julia-runtime	#9570	Julia runtime primitive mirrored by VM/compiler metadata or a curated Rust intrinsic.	istaskstarted(t::Task) = ccall(:jl_is_task_started, Cint, (Any,), t) != 0
base/task.jl	255	A	julia-runtime	#9570	Julia runtime primitive mirrored by VM/compiler metadata or a curated Rust intrinsic.	Threads.threadid(t::Task) = Int(ccall(:jl_get_task_tid, Int16, (Any,), t)+1)
base/task.jl	257	A	julia-runtime	#9570	Julia runtime primitive mirrored by VM/compiler metadata or a curated Rust intrinsic.	tpid = ccall(:jl_get_task_threadpoolid, Int8, (Any,), t)
base/task.jl	334	A	julia-runtime	#9570	Julia runtime primitive mirrored by VM/compiler metadata or a curated Rust intrinsic.	ccall(:jl_set_task_tid, Cint, (Any, Cint), waiter, tid-1)
base/task.jl	985	A	julia-runtime	#9570	Julia runtime primitive mirrored by VM/compiler metadata or a curated Rust intrinsic.	ccall(:jl_set_task_tid, Cint, (Any, Cint), t, tid-1)
base/task.jl	997	A	julia-runtime	#9570	Julia runtime primitive mirrored by VM/compiler metadata or a curated Rust intrinsic.	ccall(:jl_set_task_tid, Cint, (Any, Cint), t, tid-1)
base/task.jl	1005	A	julia-runtime	#9570	Julia runtime primitive mirrored by VM/compiler metadata or a curated Rust intrinsic.	ccall(:jl_wakeup_thread, Cvoid, (Int16,), (tid - 1) % Int16)
base/task.jl	1091	A	julia-runtime	#9570	Julia runtime primitive mirrored by VM/compiler metadata or a curated Rust intrinsic.	@inline set_next_task(t::Task) = ccall(:jl_set_next_task, Cvoid, (Any,), t)
base/task.jl	1143	A	julia-runtime	#9570	Julia runtime primitive mirrored by VM/compiler metadata or a curated Rust intrinsic.	ccall(:jl_switch, Cvoid, ())
base/task.jl	1145	A	julia-runtime	#9570	Julia runtime primitive mirrored by VM/compiler metadata or a curated Rust intrinsic.	undo(ccall(:jl_get_next_task, Ref{Task}, ()))
base/task.jl	1202	A	julia-runtime	#9570	Julia runtime primitive mirrored by VM/compiler metadata or a curated Rust intrinsic.	ccall(:jl_safe_printf, Cvoid, (Ptr{UInt8}, Int32...),
base/task.jl	1216	A	julia-runtime	#9570	Julia runtime primitive mirrored by VM/compiler metadata or a curated Rust intrinsic.	task = ccall(:jl_task_get_next, Ref{Task}, (Any, Any, Any), trypoptask, W, checktaskempty)
base/task.jl	1236	A	os-libuv-io	#9570	If supported, this must be a curated Rust host/OS boundary with WASM+iOS fallbacks.	pause() = ccall(:Sleep, stdcall, Cvoid, (UInt32,), 0xffffffff)
base/task.jl	1238	A	os-libuv-io	#9570	If supported, this must be a curated Rust host/OS boundary with WASM+iOS fallbacks.	pause() = ccall(:pause, Cvoid, ())
base/threadcall.jl	46	C	user-native-boundary	#9570	User-visible ccall/threadcall syntax is unsupported by design under the shared WASM+iOS requirement.	push!(body, :(ret = ccall(fptr, $rettype, ($(argtypes...),), $(args...))))
base/threadcall.jl	93	A	julia-runtime	#9570	Julia runtime primitive mirrored by VM/compiler metadata or a curated Rust intrinsic.	ccall(:jl_queue_work, Cvoid,
base/threadingconstructs.jl	36	A	julia-runtime	#9570	Julia runtime primitive mirrored by VM/compiler metadata or a curated Rust intrinsic.	threadid() = Int(ccall(:jl_threadid, Int16, ())+1)
base/threadingconstructs.jl	97	A	julia-runtime	#9570	Julia runtime primitive mirrored by VM/compiler metadata or a curated Rust intrinsic.	tpid = ccall(:jl_threadpoolid, Int8, (Int16,), tid-1)
base/threadingconstructs.jl	172	A	julia-runtime	#9570	Julia runtime primitive mirrored by VM/compiler metadata or a curated Rust intrinsic.	ccall(:jl_enter_threaded_region, Cvoid, ())
base/threadingconstructs.jl	181	A	julia-runtime	#9570	Julia runtime primitive mirrored by VM/compiler metadata or a curated Rust intrinsic.	ccall(:jl_set_task_tid, Cint, (Any, Cint), t, tid_offset + i-1)
base/threadingconstructs.jl	185	A	julia-runtime	#9570	Julia runtime primitive mirrored by VM/compiler metadata or a curated Rust intrinsic.	_result = ccall(:jl_set_task_threadpoolid, Cint, (Any, Int8), t, _sym_to_tpid(:default))
base/threadingconstructs.jl	195	A	julia-runtime	#9570	Julia runtime primitive mirrored by VM/compiler metadata or a curated Rust intrinsic.	ccall(:jl_exit_threaded_region, Cvoid, ())
base/threadingconstructs.jl	217	A	julia-runtime	#9570	Julia runtime primitive mirrored by VM/compiler metadata or a curated Rust intrinsic.	elseif ccall(:jl_in_threaded_region, Cint, ()) != 0 # :static
base/threadingconstructs.jl	446	A	julia-runtime	#9570	Julia runtime primitive mirrored by VM/compiler metadata or a curated Rust intrinsic.	_result = ccall(:jl_set_task_threadpoolid, Cint, (Any, Int8), t, tpid)
base/timing.jl	36	A	julia-runtime	#9570	Julia runtime primitive mirrored by VM/compiler metadata or a curated Rust intrinsic.	gc_num() = ccall(:jl_gc_num, GC_Num, ())
base/timing.jl	75	A	julia-runtime	#9570	Julia runtime primitive mirrored by VM/compiler metadata or a curated Rust intrinsic.	comp = ccall(:jl_cumulative_compile_time_ns, UInt64, ())
base/timing.jl	76	A	julia-runtime	#9570	Julia runtime primitive mirrored by VM/compiler metadata or a curated Rust intrinsic.	recomp = ccall(:jl_cumulative_recompile_time_ns, UInt64, ())
base/timing.jl	82	A	julia-runtime	#9570	Julia runtime primitive mirrored by VM/compiler metadata or a curated Rust intrinsic.	ccall(:jl_cumulative_compile_timing_enable, Cvoid, ())
base/timing.jl	84	A	julia-runtime	#9570	Julia runtime primitive mirrored by VM/compiler metadata or a curated Rust intrinsic.	ccall(:jl_cumulative_compile_timing_disable, Cvoid, ())
base/timing.jl	90	A	julia-runtime	#9570	Julia runtime primitive mirrored by VM/compiler metadata or a curated Rust intrinsic.	gc_time_ns() = ccall(:jl_gc_total_hrtime, UInt64, ())
base/timing.jl	102	A	julia-runtime	#9570	Julia runtime primitive mirrored by VM/compiler metadata or a curated Rust intrinsic.	Int(ccall(:jl_gc_live_bytes, Int64, ())) + num.allocd + num.deferred_alloc
base/timing.jl	153	A	julia-runtime	#9570	Julia runtime primitive mirrored by VM/compiler metadata or a curated Rust intrinsic.	return ccall(:jl_jit_total_bytes, Csize_t, ())
base/timing.jl	467	A	julia-runtime	#9570	Julia runtime primitive mirrored by VM/compiler metadata or a curated Rust intrinsic.	gc_bytes(b::Ref{Int64}) = ccall(:jl_gc_get_total_bytes, Cvoid, (Ptr{Int64},), b)
base/timing.jl	734	A	julia-runtime	#9570	Julia runtime primitive mirrored by VM/compiler metadata or a curated Rust intrinsic.	ccall(:jl_force_trace_compile_timing_enable, Cvoid, ())
base/timing.jl	739	A	julia-runtime	#9570	Julia runtime primitive mirrored by VM/compiler metadata or a curated Rust intrinsic.	ccall(:jl_force_trace_compile_timing_disable, Cvoid, ())
base/timing.jl	746	A	julia-runtime	#9570	Julia runtime primitive mirrored by VM/compiler metadata or a curated Rust intrinsic.	ccall(:jl_force_trace_dispatch_enable, Cvoid, ())
base/timing.jl	751	A	julia-runtime	#9570	Julia runtime primitive mirrored by VM/compiler metadata or a curated Rust intrinsic.	ccall(:jl_force_trace_dispatch_disable, Cvoid, ())
base/util.jl	303	A	os-libuv-io	#9570	If supported, this must be a curated Rust host/OS boundary with WASM+iOS fallbacks.	return UInt8(ccall(:_getch, Cint, ()))
base/util.jl	309	A	julia-runtime	#9570	Julia runtime primitive mirrored by VM/compiler metadata or a curated Rust intrinsic.	const termios_size = Int(ccall(:jl_termios_size, Cint, ()))
base/util.jl	317	A	os-libuv-io	#9570	If supported, this must be a curated Rust host/OS boundary with WASM+iOS fallbacks.	ret = ccall(:tcgetattr, Cint, (Cint, Ptr{Cvoid}), fd, termios)
base/util.jl	323	A	os-libuv-io	#9570	If supported, this must be a curated Rust host/OS boundary with WASM+iOS fallbacks.	ret = ccall(:tcsetattr, Cint, (Cint, Cint, Ptr{Cvoid}), fd, Cint(mode), termios)
base/util.jl	328	A	os-libuv-io	#9570	If supported, this must be a curated Rust host/OS boundary with WASM+iOS fallbacks.	cfmakeraw(termios) = ccall(:cfmakeraw, Cvoid, (Ptr{Cvoid},), termios)
base/util.jl	441	A	os-libuv-io	#9570	If supported, this must be a curated Rust host/OS boundary with WASM+iOS fallbacks.	succeeded = ccall((:CredPackAuthenticationBufferW, "credui.dll"), stdcall, Bool,
base/util.jl	446	A	os-libuv-io	#9570	If supported, this must be a curated Rust host/OS boundary with WASM+iOS fallbacks.	succeeded = ccall((:CredPackAuthenticationBufferW, "credui.dll"), stdcall, Bool,
base/util.jl	468	A	os-libuv-io	#9570	If supported, this must be a curated Rust host/OS boundary with WASM+iOS fallbacks.	code = ccall((:CredUIPromptForWindowsCredentialsW, "credui.dll"), stdcall, UInt32, (Ptr{CREDUI_INFO}, UInt32, Ptr{Culong},
base/util.jl	484	A	os-libuv-io	#9570	If supported, this must be a curated Rust host/OS boundary with WASM+iOS fallbacks.	succeeded = ccall((:CredUnPackAuthenticationBufferW, "credui.dll"), Bool,
base/util.jl	490	C	docs-example	#9570	Commented/documentation-only native call text is not a shipped sjulia surface.	# ccall(:SecureZeroMemory, Ptr{Cvoid}, (Ptr{Cvoid}, Csize_t), outbuf_data[], outbuf_size[]) - not an actual function
base/util.jl	492	A	os-libuv-io	#9570	If supported, this must be a curated Rust host/OS boundary with WASM+iOS fallbacks.	ccall((:CoTaskMemFree, "ole32.dll"), Cvoid, (Ptr{Cvoid},), outbuf_data[])
base/util.jl	506	A	julia-runtime	#9570	Julia runtime primitive mirrored by VM/compiler metadata or a curated Rust intrinsic.	unsafe_crc32c(a, n, crc) = ccall(:jl_crc32c, UInt32, (UInt32, Ptr{UInt8}, Csize_t), crc, a, n)
base/util.jl	534	A	julia-runtime	#9570	Julia runtime primitive mirrored by VM/compiler metadata or a curated Rust intrinsic.	ccall(:jl_crc32c, UInt32, (UInt32, Ref{UInt128}, Csize_t), crc, x, 16)
base/util.jl	536	A	julia-runtime	#9570	Julia runtime primitive mirrored by VM/compiler metadata or a curated Rust intrinsic.	ccall(:jl_crc32c, UInt32, (UInt32, Ref{UInt64}, Csize_t), crc, x, 8)
base/util.jl	538	A	julia-runtime	#9570	Julia runtime primitive mirrored by VM/compiler metadata or a curated Rust intrinsic.	ccall(:jl_crc32c, UInt32, (UInt32, Ref{UInt32}, Csize_t), crc, x, 4)
base/util.jl	540	A	julia-runtime	#9570	Julia runtime primitive mirrored by VM/compiler metadata or a curated Rust intrinsic.	ccall(:jl_crc32c, UInt32, (UInt32, Ref{UInt16}, Csize_t), crc, x, 2)
base/util.jl	542	A	julia-runtime	#9570	Julia runtime primitive mirrored by VM/compiler metadata or a curated Rust intrinsic.	ccall(:jl_crc32c, UInt32, (UInt32, Ref{UInt8}, Csize_t), crc, x, 1)
base/util.jl	734	A	julia-runtime	#9570	Julia runtime primitive mirrored by VM/compiler metadata or a curated Rust intrinsic.	return ccall(:jl_is_debugbuild, Cint, ()) != 0
base/version.jl	274	A	julia-runtime	#9570	Julia runtime primitive mirrored by VM/compiler metadata or a curated Rust intrinsic.	libllvm_path() = ccall(:jl_get_libllvm, Any, ())
stdlib/CRC32c/test/runtests.jl	85	C	upstream-test-only	#9570	Upstream test-only native call; not a shipped sjulia surface.	ccall(:jl_crc32c_sw, UInt32, (UInt32, Ptr{UInt8}, Csize_t), crc, a, n)
stdlib/FileWatching/src/FileWatching.jl	131	A	os-libuv-io	#9570	If supported, this must be a curated Rust host/OS boundary with WASM+iOS fallbacks.	ccall(:uv_poll_stop, Int32, (Ptr{Cvoid},), t.handle)
stdlib/FileWatching/src/FileWatching.jl	147	A	os-libuv-io	#9570	If supported, this must be a curated Rust host/OS boundary with WASM+iOS fallbacks.	r = Int32(ccall(:uv_fs_get_result, Cssize_t, (Ptr{Cvoid},), req))
stdlib/FileWatching/src/FileWatching.jl	148	A	os-libuv-io	#9570	If supported, this must be a curated Rust host/OS boundary with WASM+iOS fallbacks.	statbuf = ccall(:uv_fs_get_statbuf, Ptr{UInt8}, (Ptr{Cvoid},), req)
stdlib/FileWatching/src/FileWatching.jl	172	A	os-libuv-io	#9570	If supported, this must be a curated Rust host/OS boundary with WASM+iOS fallbacks.	err = ccall(:uv_fs_stat, Cint, (Ptr{Cvoid}, Ptr{Cvoid}, Cstring, Ptr{Cvoid}),
stdlib/FileWatching/src/FileWatching.jl	221	A	os-libuv-io	#9570	If supported, this must be a curated Rust host/OS boundary with WASM+iOS fallbacks.	err = ccall(:uv_fs_event_init, Cint, (Ptr{Cvoid}, Ptr{Cvoid}), eventloop(), handle)
stdlib/FileWatching/src/FileWatching.jl	229	A	os-libuv-io	#9570	If supported, this must be a curated Rust host/OS boundary with WASM+iOS fallbacks.	ccall(:uv_fs_event_start, Int32, (Ptr{Cvoid}, Ptr{Cvoid}, Cstring, Int32),
stdlib/FileWatching/src/FileWatching.jl	264	A	os-libuv-io	#9570	If supported, this must be a curated Rust host/OS boundary with WASM+iOS fallbacks.	err = ccall(:uv_fs_event_init, Cint, (Ptr{Cvoid}, Ptr{Cvoid}), eventloop(), handle)
stdlib/FileWatching/src/FileWatching.jl	272	A	os-libuv-io	#9570	If supported, this must be a curated Rust host/OS boundary with WASM+iOS fallbacks.	ccall(:uv_fs_event_start, Int32, (Ptr{Cvoid}, Ptr{Cvoid}, Cstring, Int32),
stdlib/FileWatching/src/FileWatching.jl	354	A	julia-runtime	#9570	Julia runtime primitive mirrored by VM/compiler metadata or a curated Rust intrinsic.	if ccall(:jl_uv_unix_fd_is_watched, Int32, (RawFD, Ptr{Cvoid}, Ptr{Cvoid}), fd, C_NULL, eventloop()) == 1
stdlib/FileWatching/src/FileWatching.jl	367	A	os-libuv-io	#9570	If supported, this must be a curated Rust host/OS boundary with WASM+iOS fallbacks.	err = ccall(:uv_poll_init, Int32, (Ptr{Cvoid}, Ptr{Cvoid}, RawFD), eventloop(), handle, fd)
stdlib/FileWatching/src/FileWatching.jl	385	A	julia-runtime	#9570	Julia runtime primitive mirrored by VM/compiler metadata or a curated Rust intrinsic.	ccall(:jl_close_uv, Cvoid, (Ptr{Cvoid},), t.handle)
stdlib/FileWatching/src/FileWatching.jl	433	A	os-libuv-io	#9570	If supported, this must be a curated Rust host/OS boundary with WASM+iOS fallbacks.	err = ccall(:uv_poll_init, Int32, (Ptr{Cvoid},  Ptr{Cvoid}, WindowsRawSocket),
stdlib/FileWatching/src/FileWatching.jl	522	A	julia-runtime	#9570	Julia runtime primitive mirrored by VM/compiler metadata or a curated Rust intrinsic.	ccall(:jl_close_uv, Cvoid, (Ptr{Cvoid},), handle)
stdlib/FileWatching/src/FileWatching.jl	531	A	julia-runtime	#9570	Julia runtime primitive mirrored by VM/compiler metadata or a curated Rust intrinsic.	ccall(:jl_close_uv, Cvoid, (Ptr{Cvoid},), handle)
stdlib/FileWatching/src/FileWatching.jl	606	A	os-libuv-io	#9570	If supported, this must be a curated Rust host/OS boundary with WASM+iOS fallbacks.	ccall(:uv_poll_start, Int32, (Ptr{Cvoid}, Int32, Ptr{Cvoid}),
stdlib/FileWatching/src/FileWatching.jl	694	A	os-libuv-io	#9570	If supported, this must be a curated Rust host/OS boundary with WASM+iOS fallbacks.	err = ccall(:uv_fs_stat, Cint, (Ptr{Cvoid}, Ptr{Cvoid}, Cstring, Ptr{Cvoid}),
stdlib/FileWatching/src/pidfile.jl	190	A	os-libuv-io	#9570	If supported, this must be a curated Rust host/OS boundary with WASM+iOS fallbacks.	return ccall(:uv_kill, Cint, (Cuint, Cint), pid, 0) != UV_ESRCH
stdlib/FileWatching/test/pidfile.jl	22	C	upstream-test-only	#9570	Upstream test-only native call; not a shipped sjulia surface.	umask(new_mask) = ccall((@static iswindows() ? :_umask : :umask), Cint, (Cint,), new_mask)
stdlib/FileWatching/test/runtests.jl	23	C	upstream-test-only	#9570	Upstream test-only native call; not a shipped sjulia surface.	uv_error("socketpair", ccall(:uv_socketpair, Cint, (Cint, Cint, Ptr{NTuple{2, Base.OS_HANDLE}}, Cint, Cint), 1, (Sys.iswindows() ? 6 : 0), Ref(pipe_fds, i), 0, 0))
stdlib/FileWatching/test/runtests.jl	25	C	upstream-test-only	#9570	Upstream test-only native call; not a shipped sjulia surface.	uv_error("pipe", ccall(:uv_pipe, Cint, (Ptr{NTuple{2, Base.OS_HANDLE}}, Cint, Cint), Ref(pipe_fds, i), 0, 0))
stdlib/FileWatching/test/runtests.jl	55	C	upstream-test-only	#9570	Upstream test-only native call; not a shipped sjulia surface.	1 == ccall(:recv, stdcall, Cint, (Ptr{Cvoid}, Ptr{UInt8}, Cint, Cint), pipe_fds[idx][1], dout, 1, 0) || error(Libc.FormatMessage())
stdlib/FileWatching/test/runtests.jl	57	C	upstream-test-only	#9570	Upstream test-only native call; not a shipped sjulia surface.	@test 1 == ccall(:read, Csize_t, (Cint, Ptr{UInt8}, Csize_t), pipe_fds[idx][1], dout, 1)
stdlib/FileWatching/test/runtests.jl	102	C	upstream-test-only	#9570	Upstream test-only native call; not a shipped sjulia surface.	1 == ccall(:send, stdcall, Cint, (Ptr{Cvoid}, Ptr{UInt8}, Cint, Cint), pipe_fds[idx][2], "A", 1, 0) || error(Libc.FormatMessage())
stdlib/FileWatching/test/runtests.jl	104	C	upstream-test-only	#9570	Upstream test-only native call; not a shipped sjulia surface.	@test 1 == ccall(:write, Csize_t, (Cint, Ptr{UInt8}, Csize_t), pipe_fds[idx][2], "A", 1)
stdlib/FileWatching/test/runtests.jl	115	C	upstream-test-only	#9570	Upstream test-only native call; not a shipped sjulia surface.	0 == ccall(:closesocket, stdcall, Cint, (Ptr{Cvoid},), pipe_fds[i][j]) || error(Libc.FormatMessage())
stdlib/FileWatching/test/runtests.jl	117	C	upstream-test-only	#9570	Upstream test-only native call; not a shipped sjulia surface.	@test 0 == ccall(:close, Cint, (Cint,), pipe_fds[i][j])
stdlib/InteractiveUtils/src/InteractiveUtils.jl	169	A	julia-runtime	#9570	Julia runtime primitive mirrored by VM/compiler metadata or a curated Rust intrinsic.	println(io, "  GC: ", unsafe_string(ccall(:jl_gc_active_impl, Ptr{UInt8}, ())))
stdlib/InteractiveUtils/src/clipboard.jl	89	A	reflection-profiler	#9570	Reflection/profiling access must be VM-owned metadata, not arbitrary native calls.	ccall((:GlobalFree, "kernel32"), stdcall, Cint, (Ptr{UInt16},), pdata)
stdlib/InteractiveUtils/src/clipboard.jl	91	A	reflection-profiler	#9570	Reflection/profiling access must be VM-owned metadata, not arbitrary native calls.	ccall((:CloseClipboard, "user32"), stdcall, Cint, ()) == 0 && Base.windowserror(:CloseClipboard) # this should never fail
stdlib/InteractiveUtils/src/clipboard.jl	96	A	reflection-profiler	#9570	Reflection/profiling access must be VM-owned metadata, not arbitrary native calls.	ccall((:OpenClipboard, "user32"), stdcall, Cint, (Ptr{Cvoid},), C_NULL) == 0 && return Base.windowserror(:OpenClipboard)
stdlib/InteractiveUtils/src/clipboard.jl	97	A	reflection-profiler	#9570	Reflection/profiling access must be VM-owned metadata, not arbitrary native calls.	ccall((:EmptyClipboard, "user32"), stdcall, Cint, ()) == 0 && return cleanup(:EmptyClipboard)
stdlib/InteractiveUtils/src/clipboard.jl	99	A	reflection-profiler	#9570	Reflection/profiling access must be VM-owned metadata, not arbitrary native calls.	pdata = ccall((:GlobalAlloc, "kernel32"), stdcall, Ptr{UInt16}, (Cuint, Csize_t), 2 #=GMEM_MOVEABLE=#, sizeof(x_u16))
stdlib/InteractiveUtils/src/clipboard.jl	101	A	reflection-profiler	#9570	Reflection/profiling access must be VM-owned metadata, not arbitrary native calls.	plock = ccall((:GlobalLock, "kernel32"), stdcall, Ptr{UInt16}, (Ptr{UInt16},), pdata)
stdlib/InteractiveUtils/src/clipboard.jl	104	A	reflection-profiler	#9570	Reflection/profiling access must be VM-owned metadata, not arbitrary native calls.	unlock = ccall((:GlobalUnlock, "kernel32"), stdcall, Cint, (Ptr{UInt16},), pdata)
stdlib/InteractiveUtils/src/clipboard.jl	106	A	reflection-profiler	#9570	Reflection/profiling access must be VM-owned metadata, not arbitrary native calls.	pset = ccall((:SetClipboardData, "user32"), stdcall, Ptr{UInt16}, (Cuint, Ptr{UInt16}), 13, pdata) # CF_UNICODETEXT
stdlib/InteractiveUtils/src/clipboard.jl	115	A	reflection-profiler	#9570	Reflection/profiling access must be VM-owned metadata, not arbitrary native calls.	ccall((:CloseClipboard, "user32"), stdcall, Cint, ()) == 0 && Base.windowserror(:CloseClipboard) # this should never fail
stdlib/InteractiveUtils/src/clipboard.jl	122	A	reflection-profiler	#9570	Reflection/profiling access must be VM-owned metadata, not arbitrary native calls.	ccall((:OpenClipboard, "user32"), stdcall, Cint, (Ptr{Cvoid},), C_NULL) == 0 && return Base.windowserror(:OpenClipboard)
stdlib/InteractiveUtils/src/clipboard.jl	123	A	reflection-profiler	#9570	Reflection/profiling access must be VM-owned metadata, not arbitrary native calls.	ccall(:SetLastError, stdcall, Cvoid, (UInt32,), 0) # allow distinguishing if the clipboard simply didn't have text
stdlib/InteractiveUtils/src/clipboard.jl	124	A	reflection-profiler	#9570	Reflection/profiling access must be VM-owned metadata, not arbitrary native calls.	pdata = ccall((:GetClipboardData, "user32"), stdcall, Ptr{UInt16}, (Cuint,), 13) # CF_UNICODETEXT
stdlib/InteractiveUtils/src/clipboard.jl	126	A	reflection-profiler	#9570	Reflection/profiling access must be VM-owned metadata, not arbitrary native calls.	plock = ccall((:GlobalLock, "kernel32"), stdcall, Ptr{UInt16}, (Ptr{UInt16},), pdata)
stdlib/InteractiveUtils/src/clipboard.jl	137	A	reflection-profiler	#9570	Reflection/profiling access must be VM-owned metadata, not arbitrary native calls.	unlock = ccall((:GlobalUnlock, "kernel32"), stdcall, Cint, (Ptr{UInt16},), pdata)
stdlib/InteractiveUtils/src/codeview.jl	150	A	julia-runtime	#9570	Julia runtime primitive mirrored by VM/compiler metadata or a curated Rust intrinsic.	(ccall(:jl_is_in_pure_context, Bool, ()) || world == typemax(UInt)) &&
stdlib/InteractiveUtils/src/codeview.jl	197	A	julia-runtime	#9570	Julia runtime primitive mirrored by VM/compiler metadata or a curated Rust intrinsic.	ccall(:jl_is_in_pure_context, Bool, ()) && error("code reflection cannot be used from generated functions")
stdlib/InteractiveUtils/src/editless.jl	181	A	reflection-profiler	#9570	Reflection/profiling access must be VM-owned metadata, not arbitrary native calls.	result = ccall((:ShellExecuteW, "shell32"), stdcall,
stdlib/InteractiveUtils/test/runtests.jl	236	C	upstream-test-only	#9570	Upstream test-only native call; not a shipped sjulia surface.	const MEMDEBUG = ccall(:jl_is_memdebug, Bool, ())
stdlib/InteractiveUtils/test/runtests.jl	366	C	upstream-test-only	#9570	Upstream test-only native call; not a shipped sjulia surface.	@noinline f() = ccall((:time, "error_library_doesnt_exist\0"), Cvoid, ()) # should throw error during runtime
stdlib/InteractiveUtils/test/runtests.jl	375	C	upstream-test-only	#9570	Upstream test-only native call; not a shipped sjulia surface.	is_asserts() = ccall(:jl_is_assertsbuild, Cint, ()) == 1
stdlib/InteractiveUtils/test/runtests.jl	636	C	upstream-test-only	#9570	Upstream test-only native call; not a shipped sjulia surface.	#hDesktop = ccall((:GetDesktopWindow, "user32"), stdcall, Ptr{Cvoid}, ())
stdlib/InteractiveUtils/test/runtests.jl	637	C	upstream-test-only	#9570	Upstream test-only native call; not a shipped sjulia surface.	#ccall((:OpenClipboard, "user32"), stdcall, Cint, (Ptr{Cvoid},), hDesktop) == 0 && Base.windowserror("OpenClipboard")
stdlib/InteractiveUtils/test/runtests.jl	641	C	upstream-test-only	#9570	Upstream test-only native call; not a shipped sjulia surface.	#    ccall((:CloseClipboard, "user32"), stdcall, Cint, ()) == 0 && Base.windowserror("CloseClipboard")
stdlib/InteractiveUtils/test/runtests.jl	644	C	upstream-test-only	#9570	Upstream test-only native call; not a shipped sjulia surface.	ccall((:OpenClipboard, "user32"), stdcall, Cint, (Ptr{Cvoid},), C_NULL) == 0 && Base.windowserror("OpenClipboard")
stdlib/InteractiveUtils/test/runtests.jl	646	C	upstream-test-only	#9570	Upstream test-only native call; not a shipped sjulia surface.	ccall((:EmptyClipboard, "user32"), stdcall, Cint, ()) == 0 && Base.windowserror("EmptyClipboard")
stdlib/InteractiveUtils/test/runtests.jl	648	C	upstream-test-only	#9570	Upstream test-only native call; not a shipped sjulia surface.	ccall((:CloseClipboard, "user32"), stdcall, Cint, ()) == 0 && Base.windowserror("CloseClipboard")
stdlib/LibCURL_jll/test/runtests.jl	7	C	upstream-test-only	#9570	Upstream test-only native call; not a shipped sjulia surface.	v = unsafe_string(ccall((:curl_version, libcurl), Cstring, ()))
stdlib/LibGit2/src/LibGit2.jl	1025	C	libgit2	#9570	LibGit2/Pkg native boundary is outside the current subset; do not expose arbitrary package-manager ccall.	@check ccall((:git_libgit2_init, libgit2), Cint, ())
stdlib/LibGit2/src/LibGit2.jl	1033	C	libgit2	#9570	LibGit2/Pkg native boundary is outside the current subset; do not expose arbitrary package-manager ccall.	ccall((:git_libgit2_shutdown, libgit2), Cint, ())
stdlib/LibGit2/src/blame.jl	14	C	libgit2	#9570	LibGit2/Pkg native boundary is outside the current subset; do not expose arbitrary package-manager ccall.	@check ccall((:git_blame_file, libgit2), Cint,
stdlib/LibGit2/src/blame.jl	30	C	libgit2	#9570	LibGit2/Pkg native boundary is outside the current subset; do not expose arbitrary package-manager ccall.	return ccall((:git_blame_get_hunk_count, libgit2), Int32, (Ptr{Cvoid},), blame)
stdlib/LibGit2/src/blame.jl	39	C	libgit2	#9570	LibGit2/Pkg native boundary is outside the current subset; do not expose arbitrary package-manager ccall.	hunk_ptr = ccall((:git_blame_get_hunk_byindex, libgit2),
stdlib/LibGit2/src/blob.jl	5	C	libgit2	#9570	LibGit2/Pkg native boundary is outside the current subset; do not expose arbitrary package-manager ccall.	return ccall((:git_blob_rawsize, libgit2), Int64, (Ptr{Cvoid},), blob)
stdlib/LibGit2/src/blob.jl	23	C	libgit2	#9570	LibGit2/Pkg native boundary is outside the current subset; do not expose arbitrary package-manager ccall.	ptr = ccall((:git_blob_rawcontent, libgit2), Ptr{UInt8}, (Ptr{Cvoid},), blob)
stdlib/LibGit2/src/blob.jl	50	C	libgit2	#9570	LibGit2/Pkg native boundary is outside the current subset; do not expose arbitrary package-manager ccall.	bin_flag = ccall((:git_blob_is_binary, libgit2), Cint, (Ptr{Cvoid},), blob)
stdlib/LibGit2/src/blob.jl	70	C	libgit2	#9570	LibGit2/Pkg native boundary is outside the current subset; do not expose arbitrary package-manager ccall.	@check ccall((:git_blob_create_from_disk, libgit2), Cint,
stdlib/LibGit2/src/callbacks.jl	12	C	libgit2	#9570	LibGit2/Pkg native boundary is outside the current subset; do not expose arbitrary package-manager ccall.	err = ccall((:git_remote_create_with_fetchspec, libgit2), Cint,
stdlib/LibGit2/src/callbacks.jl	46	C	libgit2	#9570	LibGit2/Pkg native boundary is outside the current subset; do not expose arbitrary package-manager ccall.	ccall((:git_error_set_str, libgit2), Cvoid,
stdlib/LibGit2/src/callbacks.jl	54	C	libgit2	#9570	LibGit2/Pkg native boundary is outside the current subset; do not expose arbitrary package-manager ccall.	ccall((:git_error_set_str, libgit2), Cvoid,
stdlib/LibGit2/src/callbacks.jl	62	C	libgit2	#9570	LibGit2/Pkg native boundary is outside the current subset; do not expose arbitrary package-manager ccall.	ccall((:git_error_set_str, libgit2), Cvoid,
stdlib/LibGit2/src/callbacks.jl	82	C	libgit2	#9570	LibGit2/Pkg native boundary is outside the current subset; do not expose arbitrary package-manager ccall.	err = ccall((:git_cred_ssh_key_from_agent, libgit2), Cint,
stdlib/LibGit2/src/callbacks.jl	178	C	libgit2	#9570	LibGit2/Pkg native boundary is outside the current subset; do not expose arbitrary package-manager ccall.	return ccall((:git_cred_ssh_key_new, libgit2), Cint,
stdlib/LibGit2/src/callbacks.jl	238	C	libgit2	#9570	LibGit2/Pkg native boundary is outside the current subset; do not expose arbitrary package-manager ccall.	return ccall((:git_cred_userpass_plaintext_new, libgit2), Cint,
stdlib/LibGit2/src/callbacks.jl	342	C	libgit2	#9570	LibGit2/Pkg native boundary is outside the current subset; do not expose arbitrary package-manager ccall.	ccall((:git_error_set_str, libgit2), Cvoid, (Cint, Cstring), Cint(Error.Callback),
stdlib/LibGit2/src/commit.jl	17	C	libgit2	#9570	LibGit2/Pkg native boundary is outside the current subset; do not expose arbitrary package-manager ccall.	msg_ptr = raw ? ccall((:git_commit_message_raw, libgit2), Cstring, (Ptr{Cvoid},), c.ptr) :
stdlib/LibGit2/src/commit.jl	18	C	libgit2	#9570	LibGit2/Pkg native boundary is outside the current subset; do not expose arbitrary package-manager ccall.	ccall((:git_commit_message, libgit2), Cstring, (Ptr{Cvoid},), c.ptr)
stdlib/LibGit2/src/commit.jl	36	C	libgit2	#9570	LibGit2/Pkg native boundary is outside the current subset; do not expose arbitrary package-manager ccall.	ptr = ccall((:git_commit_author, libgit2), Ptr{SignatureStruct}, (Ptr{Cvoid},), c.ptr)
stdlib/LibGit2/src/commit.jl	54	C	libgit2	#9570	LibGit2/Pkg native boundary is outside the current subset; do not expose arbitrary package-manager ccall.	ptr = ccall((:git_commit_committer, libgit2), Ptr{SignatureStruct}, (Ptr{Cvoid},), c.ptr)
stdlib/LibGit2/src/commit.jl	78	C	libgit2	#9570	LibGit2/Pkg native boundary is outside the current subset; do not expose arbitrary package-manager ccall.	@check ccall((:git_commit_create, libgit2), Cint,
stdlib/LibGit2/src/commit.jl	161	C	libgit2	#9570	LibGit2/Pkg native boundary is outside the current subset; do not expose arbitrary package-manager ccall.	Int(ccall((:git_commit_parentcount, libgit2), Cuint, (Ptr{Cvoid},), c))
stdlib/LibGit2/src/commit.jl	172	C	libgit2	#9570	LibGit2/Pkg native boundary is outside the current subset; do not expose arbitrary package-manager ccall.	@check ccall((:git_commit_parent, libgit2), Cint,
stdlib/LibGit2/src/commit.jl	185	C	libgit2	#9570	LibGit2/Pkg native boundary is outside the current subset; do not expose arbitrary package-manager ccall.	oid_ptr = ccall((:git_commit_parent_id, libgit2), Ptr{GitHash},
stdlib/LibGit2/src/config.jl	16	C	libgit2	#9570	LibGit2/Pkg native boundary is outside the current subset; do not expose arbitrary package-manager ccall.	@check ccall((:git_config_new, libgit2), Cint, (Ptr{Ptr{Cvoid}},), cfg_ptr_ptr)
stdlib/LibGit2/src/config.jl	37	C	libgit2	#9570	LibGit2/Pkg native boundary is outside the current subset; do not expose arbitrary package-manager ccall.	@check ccall((:git_repository_config, libgit2), Cint,
stdlib/LibGit2/src/config.jl	52	C	libgit2	#9570	LibGit2/Pkg native boundary is outside the current subset; do not expose arbitrary package-manager ccall.	@check ccall((:git_config_open_default, libgit2), Cint,
stdlib/LibGit2/src/config.jl	59	C	libgit2	#9570	LibGit2/Pkg native boundary is outside the current subset; do not expose arbitrary package-manager ccall.	@check ccall((:git_config_open_level, libgit2), Cint,
stdlib/LibGit2/src/config.jl	93	C	libgit2	#9570	LibGit2/Pkg native boundary is outside the current subset; do not expose arbitrary package-manager ccall.	@check ccall((:git_config_add_file_ondisk, libgit2), Cint,
stdlib/LibGit2/src/config.jl	98	C	libgit2	#9570	LibGit2/Pkg native boundary is outside the current subset; do not expose arbitrary package-manager ccall.	@check ccall((:git_config_add_file_ondisk, libgit2), Cint,
stdlib/LibGit2/src/config.jl	107	C	libgit2	#9570	LibGit2/Pkg native boundary is outside the current subset; do not expose arbitrary package-manager ccall.	@check ccall((:git_config_get_string_buf, libgit2), Cint,
stdlib/LibGit2/src/config.jl	118	C	libgit2	#9570	LibGit2/Pkg native boundary is outside the current subset; do not expose arbitrary package-manager ccall.	@check ccall((:git_config_get_bool, libgit2), Cint,
stdlib/LibGit2/src/config.jl	126	C	libgit2	#9570	LibGit2/Pkg native boundary is outside the current subset; do not expose arbitrary package-manager ccall.	@check ccall((:git_config_get_int32, libgit2), Cint,
stdlib/LibGit2/src/config.jl	134	C	libgit2	#9570	LibGit2/Pkg native boundary is outside the current subset; do not expose arbitrary package-manager ccall.	@check ccall((:git_config_get_int64, libgit2), Cint,
stdlib/LibGit2/src/config.jl	167	C	libgit2	#9570	LibGit2/Pkg native boundary is outside the current subset; do not expose arbitrary package-manager ccall.	@check ccall((:git_config_set_string, libgit2), Cint,
stdlib/LibGit2/src/config.jl	174	C	libgit2	#9570	LibGit2/Pkg native boundary is outside the current subset; do not expose arbitrary package-manager ccall.	@check ccall((:git_config_set_bool, libgit2), Cint,
stdlib/LibGit2/src/config.jl	180	C	libgit2	#9570	LibGit2/Pkg native boundary is outside the current subset; do not expose arbitrary package-manager ccall.	@check ccall((:git_config_set_int32, libgit2), Cint,
stdlib/LibGit2/src/config.jl	186	C	libgit2	#9570	LibGit2/Pkg native boundary is outside the current subset; do not expose arbitrary package-manager ccall.	@check ccall((:git_config_set_int64, libgit2), Cint,
stdlib/LibGit2/src/config.jl	193	C	libgit2	#9570	LibGit2/Pkg native boundary is outside the current subset; do not expose arbitrary package-manager ccall.	@check ccall((:git_config_iterator_new, libgit2), Cint,
stdlib/LibGit2/src/config.jl	201	C	libgit2	#9570	LibGit2/Pkg native boundary is outside the current subset; do not expose arbitrary package-manager ccall.	@check ccall((:git_config_multivar_iterator_new, libgit2), Cint,
stdlib/LibGit2/src/config.jl	210	C	libgit2	#9570	LibGit2/Pkg native boundary is outside the current subset; do not expose arbitrary package-manager ccall.	@check ccall((:git_config_multivar_iterator_new, libgit2), Cint,
stdlib/LibGit2/src/config.jl	219	C	libgit2	#9570	LibGit2/Pkg native boundary is outside the current subset; do not expose arbitrary package-manager ccall.	@check ccall((:git_config_iterator_glob_new, libgit2), Cint,
stdlib/LibGit2/src/config.jl	228	C	libgit2	#9570	LibGit2/Pkg native boundary is outside the current subset; do not expose arbitrary package-manager ccall.	err = ccall((:git_config_next, libgit2), Cint,
stdlib/LibGit2/src/diff.jl	30	C	libgit2	#9570	LibGit2/Pkg native boundary is outside the current subset; do not expose arbitrary package-manager ccall.	@check ccall((:git_diff_tree_to_index, libgit2), Cint,
stdlib/LibGit2/src/diff.jl	34	C	libgit2	#9570	LibGit2/Pkg native boundary is outside the current subset; do not expose arbitrary package-manager ccall.	@check ccall((:git_diff_tree_to_workdir_with_index, libgit2), Cint,
stdlib/LibGit2/src/diff.jl	54	C	libgit2	#9570	LibGit2/Pkg native boundary is outside the current subset; do not expose arbitrary package-manager ccall.	@check ccall((:git_diff_tree_to_tree, libgit2), Cint,
stdlib/LibGit2/src/diff.jl	70	C	libgit2	#9570	LibGit2/Pkg native boundary is outside the current subset; do not expose arbitrary package-manager ccall.	@check ccall((:git_diff_get_stats, libgit2), Cint,
stdlib/LibGit2/src/diff.jl	86	C	libgit2	#9570	LibGit2/Pkg native boundary is outside the current subset; do not expose arbitrary package-manager ccall.	return ccall((:git_diff_stats_files_changed, libgit2), Csize_t, (Ptr{Cvoid},), diff_stat)
stdlib/LibGit2/src/diff.jl	99	C	libgit2	#9570	LibGit2/Pkg native boundary is outside the current subset; do not expose arbitrary package-manager ccall.	return ccall((:git_diff_stats_insertions, libgit2), Csize_t, (Ptr{Cvoid},), diff_stat)
stdlib/LibGit2/src/diff.jl	112	C	libgit2	#9570	LibGit2/Pkg native boundary is outside the current subset; do not expose arbitrary package-manager ccall.	return ccall((:git_diff_stats_deletions, libgit2), Csize_t, (Ptr{Cvoid},), diff_stat)
stdlib/LibGit2/src/diff.jl	117	C	libgit2	#9570	LibGit2/Pkg native boundary is outside the current subset; do not expose arbitrary package-manager ccall.	return ccall((:git_diff_num_deltas, libgit2), Cint, (Ptr{Cvoid},), diff)
stdlib/LibGit2/src/diff.jl	126	C	libgit2	#9570	LibGit2/Pkg native boundary is outside the current subset; do not expose arbitrary package-manager ccall.	delta_ptr = ccall((:git_diff_get_delta, libgit2),
stdlib/LibGit2/src/error.jl	100	C	libgit2	#9570	LibGit2/Pkg native boundary is outside the current subset; do not expose arbitrary package-manager ccall.	err = ccall((:git_error_last, libgit2), Ptr{ErrorStruct}, ())
stdlib/LibGit2/src/index.jl	11	C	libgit2	#9570	LibGit2/Pkg native boundary is outside the current subset; do not expose arbitrary package-manager ccall.	@check ccall((:git_repository_index, libgit2), Cint,
stdlib/LibGit2/src/index.jl	28	C	libgit2	#9570	LibGit2/Pkg native boundary is outside the current subset; do not expose arbitrary package-manager ccall.	@check ccall((:git_index_read, libgit2), Cint, (Ptr{Cvoid}, Cint), idx, Cint(force))
stdlib/LibGit2/src/index.jl	39	C	libgit2	#9570	LibGit2/Pkg native boundary is outside the current subset; do not expose arbitrary package-manager ccall.	@check ccall((:git_index_write, libgit2), Cint, (Ptr{Cvoid},), idx)
stdlib/LibGit2/src/index.jl	54	C	libgit2	#9570	LibGit2/Pkg native boundary is outside the current subset; do not expose arbitrary package-manager ccall.	@check ccall((:git_index_write_tree, libgit2), Cint,
stdlib/LibGit2/src/index.jl	76	C	libgit2	#9570	LibGit2/Pkg native boundary is outside the current subset; do not expose arbitrary package-manager ccall.	@check ccall((:git_index_read_tree, libgit2), Cint,
stdlib/LibGit2/src/index.jl	107	C	libgit2	#9570	LibGit2/Pkg native boundary is outside the current subset; do not expose arbitrary package-manager ccall.	@check ccall((:git_index_add_all, libgit2), Cint,
stdlib/LibGit2/src/index.jl	123	C	libgit2	#9570	LibGit2/Pkg native boundary is outside the current subset; do not expose arbitrary package-manager ccall.	@check ccall((:git_index_update_all, libgit2), Cint,
stdlib/LibGit2/src/index.jl	137	C	libgit2	#9570	LibGit2/Pkg native boundary is outside the current subset; do not expose arbitrary package-manager ccall.	@check ccall((:git_index_remove_all, libgit2), Cint,
stdlib/LibGit2/src/index.jl	176	C	libgit2	#9570	LibGit2/Pkg native boundary is outside the current subset; do not expose arbitrary package-manager ccall.	return ccall((:git_index_entrycount, libgit2), Csize_t, (Ptr{Cvoid},), idx)
stdlib/LibGit2/src/index.jl	182	C	libgit2	#9570	LibGit2/Pkg native boundary is outside the current subset; do not expose arbitrary package-manager ccall.	ie_ptr = ccall((:git_index_get_byindex, libgit2),
stdlib/LibGit2/src/index.jl	194	C	libgit2	#9570	LibGit2/Pkg native boundary is outside the current subset; do not expose arbitrary package-manager ccall.	ret = ccall((:git_index_find, libgit2), Cint,
stdlib/LibGit2/src/index.jl	213	C	libgit2	#9570	LibGit2/Pkg native boundary is outside the current subset; do not expose arbitrary package-manager ccall.	return ccall((:git_index_entry_stage, libgit2), Cint, (Ptr{IndexEntry},), Ref(ie))
stdlib/LibGit2/src/merge.jl	19	C	libgit2	#9570	LibGit2/Pkg native boundary is outside the current subset; do not expose arbitrary package-manager ccall.	@check ccall((:git_annotated_commit_lookup, libgit2), Cint,
stdlib/LibGit2/src/merge.jl	28	C	libgit2	#9570	LibGit2/Pkg native boundary is outside the current subset; do not expose arbitrary package-manager ccall.	@check ccall((:git_annotated_commit_from_ref, libgit2), Cint,
stdlib/LibGit2/src/merge.jl	37	C	libgit2	#9570	LibGit2/Pkg native boundary is outside the current subset; do not expose arbitrary package-manager ccall.	@check ccall((:git_annotated_commit_from_fetchhead, libgit2), Cint,
stdlib/LibGit2/src/merge.jl	52	C	libgit2	#9570	LibGit2/Pkg native boundary is outside the current subset; do not expose arbitrary package-manager ccall.	oid = unsafe_load(ccall((:git_annotated_commit_id, libgit2), Ptr{GitHash}, (Ptr{Cvoid},), ann.ptr))
stdlib/LibGit2/src/merge.jl	92	C	libgit2	#9570	LibGit2/Pkg native boundary is outside the current subset; do not expose arbitrary package-manager ccall.	@check ccall((:git_merge_analysis, libgit2), Cint,
stdlib/LibGit2/src/merge.jl	153	C	libgit2	#9570	LibGit2/Pkg native boundary is outside the current subset; do not expose arbitrary package-manager ccall.	@check ccall((:git_merge, libgit2), Cint,
stdlib/LibGit2/src/merge.jl	268	C	libgit2	#9570	LibGit2/Pkg native boundary is outside the current subset; do not expose arbitrary package-manager ccall.	@check ccall((:git_merge_base, libgit2), Cint,
stdlib/LibGit2/src/oid.jl	16	C	libgit2	#9570	LibGit2/Pkg native boundary is outside the current subset; do not expose arbitrary package-manager ccall.	@check ccall((:git_oid_fromraw, libgit2), Cint,
stdlib/LibGit2/src/oid.jl	46	C	libgit2	#9570	LibGit2/Pkg native boundary is outside the current subset; do not expose arbitrary package-manager ccall.	@check ccall((:git_oid_fromstrn, libgit2), Cint,
stdlib/LibGit2/src/oid.jl	59	C	libgit2	#9570	LibGit2/Pkg native boundary is outside the current subset; do not expose arbitrary package-manager ccall.	@check ccall((:git_oid_fromstrn, libgit2), Cint,
stdlib/LibGit2/src/oid.jl	74	C	libgit2	#9570	LibGit2/Pkg native boundary is outside the current subset; do not expose arbitrary package-manager ccall.	@check ccall((:git_oid_fromstrn, libgit2), Cint,
stdlib/LibGit2/src/oid.jl	116	C	libgit2	#9570	LibGit2/Pkg native boundary is outside the current subset; do not expose arbitrary package-manager ccall.	oid_ptr = ccall((:git_reference_target, libgit2), Ptr{UInt8}, (Ptr{Cvoid},), ref.ptr)
stdlib/LibGit2/src/oid.jl	134	C	libgit2	#9570	LibGit2/Pkg native boundary is outside the current subset; do not expose arbitrary package-manager ccall.	@check ccall((:git_reference_name_to_id, libgit2), Cint,
stdlib/LibGit2/src/oid.jl	147	C	libgit2	#9570	LibGit2/Pkg native boundary is outside the current subset; do not expose arbitrary package-manager ccall.	GitHash(ccall((:git_object_id, libgit2), Ptr{UInt8}, (Ptr{Cvoid},), obj))
stdlib/LibGit2/src/oid.jl	162	C	libgit2	#9570	LibGit2/Pkg native boundary is outside the current subset; do not expose arbitrary package-manager ccall.	@check ccall((:git_object_short_id, libgit2), Cint,
stdlib/LibGit2/src/oid.jl	190	C	libgit2	#9570	LibGit2/Pkg native boundary is outside the current subset; do not expose arbitrary package-manager ccall.	Int(ccall((:git_oid_cmp, libgit2), Cint,
stdlib/LibGit2/src/oid.jl	198	C	libgit2	#9570	LibGit2/Pkg native boundary is outside the current subset; do not expose arbitrary package-manager ccall.	c = Int(ccall((:git_oid_ncmp, libgit2), Cint,
stdlib/LibGit2/src/rebase.jl	8	C	libgit2	#9570	LibGit2/Pkg native boundary is outside the current subset; do not expose arbitrary package-manager ccall.	@check ccall((:git_rebase_init, libgit2), Cint,
stdlib/LibGit2/src/rebase.jl	18	C	libgit2	#9570	LibGit2/Pkg native boundary is outside the current subset; do not expose arbitrary package-manager ccall.	return ccall((:git_rebase_operation_entrycount, libgit2), Csize_t, (Ptr{Cvoid},), rb)
stdlib/LibGit2/src/rebase.jl	31	C	libgit2	#9570	LibGit2/Pkg native boundary is outside the current subset; do not expose arbitrary package-manager ccall.	return ccall((:git_rebase_operation_current, libgit2), Csize_t, (Ptr{Cvoid},), rb)
stdlib/LibGit2/src/rebase.jl	40	C	libgit2	#9570	LibGit2/Pkg native boundary is outside the current subset; do not expose arbitrary package-manager ccall.	rb_op_ptr = ccall((:git_rebase_operation_byindex, libgit2),
stdlib/LibGit2/src/rebase.jl	52	C	libgit2	#9570	LibGit2/Pkg native boundary is outside the current subset; do not expose arbitrary package-manager ccall.	err = ccall((:git_rebase_next, libgit2), Cint,
stdlib/LibGit2/src/rebase.jl	81	C	libgit2	#9570	LibGit2/Pkg native boundary is outside the current subset; do not expose arbitrary package-manager ccall.	@check ccall((:git_rebase_commit, libgit2), Error.Code,
stdlib/LibGit2/src/rebase.jl	103	C	libgit2	#9570	LibGit2/Pkg native boundary is outside the current subset; do not expose arbitrary package-manager ccall.	return ccall((:git_rebase_abort, libgit2), Csize_t,
stdlib/LibGit2/src/rebase.jl	116	C	libgit2	#9570	LibGit2/Pkg native boundary is outside the current subset; do not expose arbitrary package-manager ccall.	return ccall((:git_rebase_finish, libgit2), Csize_t,
stdlib/LibGit2/src/reference.jl	6	C	libgit2	#9570	LibGit2/Pkg native boundary is outside the current subset; do not expose arbitrary package-manager ccall.	@check ccall((:git_reference_lookup, libgit2), Cint,
stdlib/LibGit2/src/reference.jl	16	C	libgit2	#9570	LibGit2/Pkg native boundary is outside the current subset; do not expose arbitrary package-manager ccall.	@check ccall((:git_reference_create, libgit2), Cint,
stdlib/LibGit2/src/reference.jl	31	C	libgit2	#9570	LibGit2/Pkg native boundary is outside the current subset; do not expose arbitrary package-manager ccall.	r = @check ccall((:git_repository_head_unborn, libgit2), Cint,
stdlib/LibGit2/src/reference.jl	44	C	libgit2	#9570	LibGit2/Pkg native boundary is outside the current subset; do not expose arbitrary package-manager ccall.	@check ccall((:git_repository_head, libgit2), Cint,
stdlib/LibGit2/src/reference.jl	71	C	libgit2	#9570	LibGit2/Pkg native boundary is outside the current subset; do not expose arbitrary package-manager ccall.	name_ptr = ccall((:git_reference_shorthand, libgit2), Cstring, (Ptr{Cvoid},), ref)
stdlib/LibGit2/src/reference.jl	88	C	libgit2	#9570	LibGit2/Pkg native boundary is outside the current subset; do not expose arbitrary package-manager ccall.	return ccall((:git_reference_type, libgit2), Cint, (Ptr{Cvoid},), ref)
stdlib/LibGit2/src/reference.jl	103	C	libgit2	#9570	LibGit2/Pkg native boundary is outside the current subset; do not expose arbitrary package-manager ccall.	rname = ccall((:git_reference_symbolic_target, libgit2), Cstring, (Ptr{Cvoid},), ref.ptr)
stdlib/LibGit2/src/reference.jl	119	C	libgit2	#9570	LibGit2/Pkg native boundary is outside the current subset; do not expose arbitrary package-manager ccall.	name_ptr = ccall((:git_reference_name, libgit2), Cstring, (Ptr{Cvoid},), ref.ptr)
stdlib/LibGit2/src/reference.jl	131	C	libgit2	#9570	LibGit2/Pkg native boundary is outside the current subset; do not expose arbitrary package-manager ccall.	@check ccall((:git_branch_name, libgit2), Cint,
stdlib/LibGit2/src/reference.jl	141	C	libgit2	#9570	LibGit2/Pkg native boundary is outside the current subset; do not expose arbitrary package-manager ccall.	err = ccall((:git_branch_is_head, libgit2), Cint,
stdlib/LibGit2/src/reference.jl	149	C	libgit2	#9570	LibGit2/Pkg native boundary is outside the current subset; do not expose arbitrary package-manager ccall.	err = ccall((:git_reference_is_branch, libgit2), Cint,
stdlib/LibGit2/src/reference.jl	157	C	libgit2	#9570	LibGit2/Pkg native boundary is outside the current subset; do not expose arbitrary package-manager ccall.	err = ccall((:git_reference_is_tag, libgit2), Cint,
stdlib/LibGit2/src/reference.jl	165	C	libgit2	#9570	LibGit2/Pkg native boundary is outside the current subset; do not expose arbitrary package-manager ccall.	err = ccall((:git_reference_is_remote, libgit2), Cint,
stdlib/LibGit2/src/reference.jl	202	C	libgit2	#9570	LibGit2/Pkg native boundary is outside the current subset; do not expose arbitrary package-manager ccall.	@check ccall((:git_reference_peel, libgit2), Cint,
stdlib/LibGit2/src/reference.jl	216	C	libgit2	#9570	LibGit2/Pkg native boundary is outside the current subset; do not expose arbitrary package-manager ccall.	@check ccall((:git_reference_list, libgit2), Cint,
stdlib/LibGit2/src/reference.jl	238	C	libgit2	#9570	LibGit2/Pkg native boundary is outside the current subset; do not expose arbitrary package-manager ccall.	@check ccall((:git_branch_create, libgit2), Cint,
stdlib/LibGit2/src/reference.jl	251	C	libgit2	#9570	LibGit2/Pkg native boundary is outside the current subset; do not expose arbitrary package-manager ccall.	@check ccall((:git_branch_delete, libgit2), Cint, (Ptr{Cvoid},), branch)
stdlib/LibGit2/src/reference.jl	262	C	libgit2	#9570	LibGit2/Pkg native boundary is outside the current subset; do not expose arbitrary package-manager ccall.	@check ccall((:git_repository_set_head, libgit2), Cint,
stdlib/LibGit2/src/reference.jl	283	C	libgit2	#9570	LibGit2/Pkg native boundary is outside the current subset; do not expose arbitrary package-manager ccall.	err = ccall((:git_branch_lookup, libgit2), Cint,
stdlib/LibGit2/src/reference.jl	310	C	libgit2	#9570	LibGit2/Pkg native boundary is outside the current subset; do not expose arbitrary package-manager ccall.	err = ccall((:git_branch_upstream, libgit2), Cint,
stdlib/LibGit2/src/reference.jl	329	C	libgit2	#9570	LibGit2/Pkg native boundary is outside the current subset; do not expose arbitrary package-manager ccall.	@check ccall((:git_reference_set_target, libgit2), Cint,
stdlib/LibGit2/src/reference.jl	338	C	libgit2	#9570	LibGit2/Pkg native boundary is outside the current subset; do not expose arbitrary package-manager ccall.	@check ccall((:git_branch_iterator_new, libgit2), Cint,
stdlib/LibGit2/src/reference.jl	347	C	libgit2	#9570	LibGit2/Pkg native boundary is outside the current subset; do not expose arbitrary package-manager ccall.	err = ccall((:git_branch_next, libgit2), Cint,
stdlib/LibGit2/src/remote.jl	17	C	libgit2	#9570	LibGit2/Pkg native boundary is outside the current subset; do not expose arbitrary package-manager ccall.	@check ccall((:git_remote_create, libgit2), Cint,
stdlib/LibGit2/src/remote.jl	40	C	libgit2	#9570	LibGit2/Pkg native boundary is outside the current subset; do not expose arbitrary package-manager ccall.	@check ccall((:git_remote_create_with_fetchspec, libgit2), Cint,
stdlib/LibGit2/src/remote.jl	60	C	libgit2	#9570	LibGit2/Pkg native boundary is outside the current subset; do not expose arbitrary package-manager ccall.	@check ccall((:git_remote_create_anonymous, libgit2), Cint,
stdlib/LibGit2/src/remote.jl	74	C	libgit2	#9570	LibGit2/Pkg native boundary is outside the current subset; do not expose arbitrary package-manager ccall.	@check ccall((:git_remote_create_detached, libgit2), Cint,
stdlib/LibGit2/src/remote.jl	96	C	libgit2	#9570	LibGit2/Pkg native boundary is outside the current subset; do not expose arbitrary package-manager ccall.	err = ccall((:git_remote_lookup, libgit2), Cint,
stdlib/LibGit2/src/remote.jl	111	C	libgit2	#9570	LibGit2/Pkg native boundary is outside the current subset; do not expose arbitrary package-manager ccall.	@check ccall((:git_remote_lookup, libgit2), Cint,
stdlib/LibGit2/src/remote.jl	137	C	libgit2	#9570	LibGit2/Pkg native boundary is outside the current subset; do not expose arbitrary package-manager ccall.	url_ptr = ccall((:git_remote_url, libgit2), Cstring, (Ptr{Cvoid},), rmt)
stdlib/LibGit2/src/remote.jl	163	C	libgit2	#9570	LibGit2/Pkg native boundary is outside the current subset; do not expose arbitrary package-manager ccall.	url_ptr = ccall((:git_remote_pushurl, libgit2), Cstring, (Ptr{Cvoid},), rmt)
stdlib/LibGit2/src/remote.jl	191	C	libgit2	#9570	LibGit2/Pkg native boundary is outside the current subset; do not expose arbitrary package-manager ccall.	name_ptr = ccall((:git_remote_name, libgit2), Cstring, (Ptr{Cvoid},), rmt)
stdlib/LibGit2/src/remote.jl	216	C	libgit2	#9570	LibGit2/Pkg native boundary is outside the current subset; do not expose arbitrary package-manager ccall.	@check ccall((:git_remote_get_fetch_refspecs, libgit2), Cint,
stdlib/LibGit2/src/remote.jl	246	C	libgit2	#9570	LibGit2/Pkg native boundary is outside the current subset; do not expose arbitrary package-manager ccall.	@check ccall((:git_remote_get_push_refspecs, libgit2), Cint,
stdlib/LibGit2/src/remote.jl	269	C	libgit2	#9570	LibGit2/Pkg native boundary is outside the current subset; do not expose arbitrary package-manager ccall.	@check ccall((:git_remote_add_fetch, libgit2), Cint,
stdlib/LibGit2/src/remote.jl	298	C	libgit2	#9570	LibGit2/Pkg native boundary is outside the current subset; do not expose arbitrary package-manager ccall.	@check ccall((:git_remote_add_push, libgit2), Cint,
stdlib/LibGit2/src/remote.jl	318	C	libgit2	#9570	LibGit2/Pkg native boundary is outside the current subset; do not expose arbitrary package-manager ccall.	@check ccall((:git_remote_fetch, libgit2), Cint,
stdlib/LibGit2/src/remote.jl	343	C	libgit2	#9570	LibGit2/Pkg native boundary is outside the current subset; do not expose arbitrary package-manager ccall.	@check ccall((:git_remote_push, libgit2), Cint,
stdlib/LibGit2/src/remote.jl	355	C	libgit2	#9570	LibGit2/Pkg native boundary is outside the current subset; do not expose arbitrary package-manager ccall.	@check ccall((:git_remote_delete, libgit2), Cint,
stdlib/LibGit2/src/remote.jl	374	C	libgit2	#9570	LibGit2/Pkg native boundary is outside the current subset; do not expose arbitrary package-manager ccall.	@check ccall((:git_remote_set_url, libgit2), Cint,
stdlib/LibGit2/src/remote.jl	397	C	libgit2	#9570	LibGit2/Pkg native boundary is outside the current subset; do not expose arbitrary package-manager ccall.	@check ccall((:git_remote_set_pushurl, libgit2), Cint,
stdlib/LibGit2/src/remote.jl	439	C	libgit2	#9570	LibGit2/Pkg native boundary is outside the current subset; do not expose arbitrary package-manager ccall.	@check ccall((:git_remote_connect, libgit2),
stdlib/LibGit2/src/remote.jl	451	C	libgit2	#9570	LibGit2/Pkg native boundary is outside the current subset; do not expose arbitrary package-manager ccall.	return ccall((:git_remote_connected, libgit2), Cint, (Ptr{Cvoid},), rmt) != 0
stdlib/LibGit2/src/remote.jl	460	C	libgit2	#9570	LibGit2/Pkg native boundary is outside the current subset; do not expose arbitrary package-manager ccall.	@check ccall((:git_remote_disconnect, libgit2), Cint, (Ptr{Cvoid},), rmt)
stdlib/LibGit2/src/remote.jl	473	C	libgit2	#9570	LibGit2/Pkg native boundary is outside the current subset; do not expose arbitrary package-manager ccall.	@check ccall((:git_remote_default_branch, libgit2), Cint,
stdlib/LibGit2/src/remote.jl	491	C	libgit2	#9570	LibGit2/Pkg native boundary is outside the current subset; do not expose arbitrary package-manager ccall.	@check ccall((:git_remote_ls, libgit2), Cint,
stdlib/LibGit2/src/repository.jl	11	C	libgit2	#9570	LibGit2/Pkg native boundary is outside the current subset; do not expose arbitrary package-manager ccall.	@check ccall((:git_repository_open, libgit2), Cint,
stdlib/LibGit2/src/repository.jl	26	C	libgit2	#9570	LibGit2/Pkg native boundary is outside the current subset; do not expose arbitrary package-manager ccall.	@check ccall((:git_repository_open_ext, libgit2), Cint,
stdlib/LibGit2/src/repository.jl	35	C	libgit2	#9570	LibGit2/Pkg native boundary is outside the current subset; do not expose arbitrary package-manager ccall.	@check ccall((:git_repository__cleanup, libgit2), Cint, (Ptr{Cvoid},), r)
stdlib/LibGit2/src/repository.jl	49	C	libgit2	#9570	LibGit2/Pkg native boundary is outside the current subset; do not expose arbitrary package-manager ccall.	@check ccall((:git_repository_init, libgit2), Cint,
stdlib/LibGit2/src/repository.jl	100	C	libgit2	#9570	LibGit2/Pkg native boundary is outside the current subset; do not expose arbitrary package-manager ccall.	return ccall((:git_repository_is_bare, libgit2), Cint, (Ptr{Cvoid},), repo) == 1
stdlib/LibGit2/src/repository.jl	112	C	libgit2	#9570	LibGit2/Pkg native boundary is outside the current subset; do not expose arbitrary package-manager ccall.	ccall((:git_repository_head_detached, libgit2), Cint, (Ptr{Cvoid},), repo) != 1
stdlib/LibGit2/src/repository.jl	142	C	libgit2	#9570	LibGit2/Pkg native boundary is outside the current subset; do not expose arbitrary package-manager ccall.	@check ccall((:git_revparse_single, libgit2), Cint,
stdlib/LibGit2/src/repository.jl	151	C	libgit2	#9570	LibGit2/Pkg native boundary is outside the current subset; do not expose arbitrary package-manager ccall.	ccall((:git_object_free, libgit2), Cvoid, (Ptr{Cvoid},), obj_ptr)
stdlib/LibGit2/src/repository.jl	165	C	libgit2	#9570	LibGit2/Pkg native boundary is outside the current subset; do not expose arbitrary package-manager ccall.	@check ccall((:git_object_lookup, libgit2), Cint,
stdlib/LibGit2/src/repository.jl	177	C	libgit2	#9570	LibGit2/Pkg native boundary is outside the current subset; do not expose arbitrary package-manager ccall.	@check ccall((:git_object_lookup_prefix, libgit2), Cint,
stdlib/LibGit2/src/repository.jl	201	C	libgit2	#9570	LibGit2/Pkg native boundary is outside the current subset; do not expose arbitrary package-manager ccall.	return unsafe_string(ccall((:git_repository_path, libgit2), Cstring,
stdlib/LibGit2/src/repository.jl	224	C	libgit2	#9570	LibGit2/Pkg native boundary is outside the current subset; do not expose arbitrary package-manager ccall.	sptr = ccall((:git_repository_workdir, libgit2), Cstring,
stdlib/LibGit2/src/repository.jl	269	C	libgit2	#9570	LibGit2/Pkg native boundary is outside the current subset; do not expose arbitrary package-manager ccall.	@check ccall((:git_object_peel, libgit2), Cint,
stdlib/LibGit2/src/repository.jl	299	C	libgit2	#9570	LibGit2/Pkg native boundary is outside the current subset; do not expose arbitrary package-manager ccall.	@check ccall((:git_describe_commit, libgit2), Cint,
stdlib/LibGit2/src/repository.jl	326	C	libgit2	#9570	LibGit2/Pkg native boundary is outside the current subset; do not expose arbitrary package-manager ccall.	@check ccall((:git_describe_workdir, libgit2), Cint,
stdlib/LibGit2/src/repository.jl	343	C	libgit2	#9570	LibGit2/Pkg native boundary is outside the current subset; do not expose arbitrary package-manager ccall.	@check ccall((:git_describe_format, libgit2), Cint,
stdlib/LibGit2/src/repository.jl	369	C	libgit2	#9570	LibGit2/Pkg native boundary is outside the current subset; do not expose arbitrary package-manager ccall.	@check ccall((:git_checkout_tree, libgit2), Cint,
stdlib/LibGit2/src/repository.jl	385	C	libgit2	#9570	LibGit2/Pkg native boundary is outside the current subset; do not expose arbitrary package-manager ccall.	@check ccall((:git_checkout_index, libgit2), Cint,
stdlib/LibGit2/src/repository.jl	405	C	libgit2	#9570	LibGit2/Pkg native boundary is outside the current subset; do not expose arbitrary package-manager ccall.	@check ccall((:git_checkout_head, libgit2), Cint,
stdlib/LibGit2/src/repository.jl	424	C	libgit2	#9570	LibGit2/Pkg native boundary is outside the current subset; do not expose arbitrary package-manager ccall.	@check ccall((:git_cherrypick, libgit2), Cint,
stdlib/LibGit2/src/repository.jl	433	C	libgit2	#9570	LibGit2/Pkg native boundary is outside the current subset; do not expose arbitrary package-manager ccall.	@check ccall((:git_reset_default, libgit2), Cint,
stdlib/LibGit2/src/repository.jl	446	C	libgit2	#9570	LibGit2/Pkg native boundary is outside the current subset; do not expose arbitrary package-manager ccall.	@check ccall((:git_reset, libgit2), Cint,
stdlib/LibGit2/src/repository.jl	470	C	libgit2	#9570	LibGit2/Pkg native boundary is outside the current subset; do not expose arbitrary package-manager ccall.	@check ccall((:git_clone, libgit2), Cint,
stdlib/LibGit2/src/repository.jl	504	C	libgit2	#9570	LibGit2/Pkg native boundary is outside the current subset; do not expose arbitrary package-manager ccall.	@check ccall((:git_repository_fetchhead_foreach, libgit2), Cint,
stdlib/LibGit2/src/repository.jl	519	C	libgit2	#9570	LibGit2/Pkg native boundary is outside the current subset; do not expose arbitrary package-manager ccall.	@check ccall((:git_remote_list, libgit2), Cint,
stdlib/LibGit2/src/signature.jl	17	C	libgit2	#9570	LibGit2/Pkg native boundary is outside the current subset; do not expose arbitrary package-manager ccall.	@check ccall((:git_signature_now, libgit2), Cint,
stdlib/LibGit2/src/signature.jl	35	C	libgit2	#9570	LibGit2/Pkg native boundary is outside the current subset; do not expose arbitrary package-manager ccall.	@check ccall((:git_signature_new, libgit2), Cint,
stdlib/LibGit2/src/signature.jl	70	C	libgit2	#9570	LibGit2/Pkg native boundary is outside the current subset; do not expose arbitrary package-manager ccall.	@check ccall((:git_signature_default, libgit2), Cint,
stdlib/LibGit2/src/status.jl	15	C	libgit2	#9570	LibGit2/Pkg native boundary is outside the current subset; do not expose arbitrary package-manager ccall.	@check ccall((:git_status_list_new, libgit2), Cint,
stdlib/LibGit2/src/status.jl	23	C	libgit2	#9570	LibGit2/Pkg native boundary is outside the current subset; do not expose arbitrary package-manager ccall.	return Int(ccall((:git_status_list_entrycount, libgit2), Csize_t,
stdlib/LibGit2/src/status.jl	31	C	libgit2	#9570	LibGit2/Pkg native boundary is outside the current subset; do not expose arbitrary package-manager ccall.	entry_ptr = ccall((:git_status_byindex, libgit2),
stdlib/LibGit2/src/status.jl	52	C	libgit2	#9570	LibGit2/Pkg native boundary is outside the current subset; do not expose arbitrary package-manager ccall.	ret =  ccall((:git_status_file, libgit2), Cint,
stdlib/LibGit2/src/tag.jl	11	C	libgit2	#9570	LibGit2/Pkg native boundary is outside the current subset; do not expose arbitrary package-manager ccall.	@check ccall((:git_tag_list, libgit2), Cint,
stdlib/LibGit2/src/tag.jl	25	C	libgit2	#9570	LibGit2/Pkg native boundary is outside the current subset; do not expose arbitrary package-manager ccall.	@check ccall((:git_tag_delete, libgit2), Cint,
stdlib/LibGit2/src/tag.jl	49	C	libgit2	#9570	LibGit2/Pkg native boundary is outside the current subset; do not expose arbitrary package-manager ccall.	@check ccall((:git_tag_create, libgit2), Cint,
stdlib/LibGit2/src/tag.jl	65	C	libgit2	#9570	LibGit2/Pkg native boundary is outside the current subset; do not expose arbitrary package-manager ccall.	str_ptr = ccall((:git_tag_name, libgit2), Cstring, (Ptr{Cvoid},), tag.ptr)
stdlib/LibGit2/src/tag.jl	81	C	libgit2	#9570	LibGit2/Pkg native boundary is outside the current subset; do not expose arbitrary package-manager ccall.	oid_ptr = ccall((:git_tag_target_id, libgit2), Ptr{GitHash}, (Ptr{Cvoid},), tag.ptr)
stdlib/LibGit2/src/tree.jl	5	C	libgit2	#9570	LibGit2/Pkg native boundary is outside the current subset; do not expose arbitrary package-manager ccall.	@check ccall((:git_commit_tree, libgit2), Cint, (Ptr{Ptr{Cvoid}}, Ptr{Cvoid}), tree_out, c)
stdlib/LibGit2/src/tree.jl	38	C	libgit2	#9570	LibGit2/Pkg native boundary is outside the current subset; do not expose arbitrary package-manager ccall.	err = ccall((:git_tree_walk, libgit2), Cint,
stdlib/LibGit2/src/tree.jl	62	C	libgit2	#9570	LibGit2/Pkg native boundary is outside the current subset; do not expose arbitrary package-manager ccall.	str = ccall((:git_tree_entry_name, libgit2), Cstring, (Ptr{Cvoid},), te.ptr)
stdlib/LibGit2/src/tree.jl	75	C	libgit2	#9570	LibGit2/Pkg native boundary is outside the current subset; do not expose arbitrary package-manager ccall.	return ccall((:git_tree_entry_filemode, libgit2), Cint, (Ptr{Cvoid},), te)
stdlib/LibGit2/src/tree.jl	86	C	libgit2	#9570	LibGit2/Pkg native boundary is outside the current subset; do not expose arbitrary package-manager ccall.	otype = ccall((:git_tree_entry_type, libgit2), Cint, (Ptr{Cvoid},), te)
stdlib/LibGit2/src/tree.jl	98	C	libgit2	#9570	LibGit2/Pkg native boundary is outside the current subset; do not expose arbitrary package-manager ccall.	oid_ptr = ccall((:git_tree_entry_id, libgit2), Ptr{UInt8}, (Ptr{Cvoid},), te.ptr)
stdlib/LibGit2/src/tree.jl	106	C	libgit2	#9570	LibGit2/Pkg native boundary is outside the current subset; do not expose arbitrary package-manager ccall.	return ccall((:git_tree_entrycount, libgit2), Csize_t, (Ptr{Cvoid},), tree)
stdlib/LibGit2/src/tree.jl	114	C	libgit2	#9570	LibGit2/Pkg native boundary is outside the current subset; do not expose arbitrary package-manager ccall.	te_ptr = ccall((:git_tree_entry_byindex, libgit2),
stdlib/LibGit2/src/tree.jl	138	C	libgit2	#9570	LibGit2/Pkg native boundary is outside the current subset; do not expose arbitrary package-manager ccall.	@check ccall((:git_tree_entry_to_object, libgit2), Cint,
stdlib/LibGit2/src/tree.jl	167	C	libgit2	#9570	LibGit2/Pkg native boundary is outside the current subset; do not expose arbitrary package-manager ccall.	err = ccall((:git_tree_entry_bypath, libgit2), Cint, (Ptr{Ptr{Cvoid}}, Ptr{Cvoid}, Cstring), entry, tree, target)
stdlib/LibGit2/src/types.jl	80	C	libgit2	#9570	LibGit2/Pkg native boundary is outside the current subset; do not expose arbitrary package-manager ccall.	@check ccall(..., (Ptr{StrArrayStruct},), sa_ref)
stdlib/LibGit2/src/types.jl	90	C	libgit2	#9570	LibGit2/Pkg native boundary is outside the current subset; do not expose arbitrary package-manager ccall.	@check ccall(..., (Ptr{StrArrayStruct},), strs)
stdlib/LibGit2/src/types.jl	102	C	libgit2	#9570	LibGit2/Pkg native boundary is outside the current subset; do not expose arbitrary package-manager ccall.	ccall((:git_strarray_free, libgit2), Cvoid, (Ptr{StrArrayStruct},), sa_ref)
stdlib/LibGit2/src/types.jl	114	C	libgit2	#9570	LibGit2/Pkg native boundary is outside the current subset; do not expose arbitrary package-manager ccall.	@check ccall(..., (Ptr{Buffer},), buf_ref)
stdlib/LibGit2/src/types.jl	129	C	libgit2	#9570	LibGit2/Pkg native boundary is outside the current subset; do not expose arbitrary package-manager ccall.	ccall((:git_buf_free, libgit2), Cvoid, (Ptr{Buffer},), buf_ref)
stdlib/LibGit2/src/types.jl	1100	C	libgit2	#9570	LibGit2/Pkg native boundary is outside the current subset; do not expose arbitrary package-manager ccall.	ccall(($(string(cname, :_free)), libgit2), Cvoid, (Ptr{Cvoid},), obj)
stdlib/LibGit2/src/types.jl	1104	C	libgit2	#9570	LibGit2/Pkg native boundary is outside the current subset; do not expose arbitrary package-manager ccall.	ccall((:git_libgit2_shutdown, libgit2), Cint, ())
stdlib/LibGit2/src/types.jl	1134	C	libgit2	#9570	LibGit2/Pkg native boundary is outside the current subset; do not expose arbitrary package-manager ccall.	ccall((:git_signature_free, libgit2), Cvoid, (Ptr{SignatureStruct},), obj)
stdlib/LibGit2/src/types.jl	1248	C	libgit2	#9570	LibGit2/Pkg native boundary is outside the current subset; do not expose arbitrary package-manager ccall.	ccall((:git_object_type, libgit2), Consts.OBJECT, (Ptr{Cvoid},), ptr)
stdlib/LibGit2/src/utils.jl	40	C	libgit2	#9570	LibGit2/Pkg native boundary is outside the current subset; do not expose arbitrary package-manager ccall.	@check ccall((:git_libgit2_version, libgit2), Cint,
stdlib/LibGit2/src/utils.jl	75	C	libgit2	#9570	LibGit2/Pkg native boundary is outside the current subset; do not expose arbitrary package-manager ccall.	feat = ccall((:git_libgit2_features, libgit2), Cint, ())
stdlib/LibGit2/src/walker.jl	24	C	libgit2	#9570	LibGit2/Pkg native boundary is outside the current subset; do not expose arbitrary package-manager ccall.	@check ccall((:git_revwalk_new, libgit2), Cint,
stdlib/LibGit2/src/walker.jl	32	C	libgit2	#9570	LibGit2/Pkg native boundary is outside the current subset; do not expose arbitrary package-manager ccall.	err = ccall((:git_revwalk_next, libgit2), Cint,
stdlib/LibGit2/src/walker.jl	54	C	libgit2	#9570	LibGit2/Pkg native boundary is outside the current subset; do not expose arbitrary package-manager ccall.	@check ccall((:git_revwalk_push_head, libgit2), Cint, (Ptr{Cvoid},), w)
stdlib/LibGit2/src/walker.jl	67	C	libgit2	#9570	LibGit2/Pkg native boundary is outside the current subset; do not expose arbitrary package-manager ccall.	@check ccall((:git_revwalk_push, libgit2), Cint, (Ptr{Cvoid}, Ptr{GitHash}), w, Ref(cid))
stdlib/LibGit2/src/walker.jl	73	C	libgit2	#9570	LibGit2/Pkg native boundary is outside the current subset; do not expose arbitrary package-manager ccall.	@check ccall((:git_revwalk_push_range, libgit2), Cint, (Ptr{Cvoid}, Ptr{UInt8}), w, range)
stdlib/LibGit2/src/walker.jl	80	C	libgit2	#9570	LibGit2/Pkg native boundary is outside the current subset; do not expose arbitrary package-manager ccall.	@check ccall((:git_revwalk_sorting, libgit2), Cint, (Ptr{Cvoid}, Cint), w, by)
stdlib/LibGit2/test/libgit2-helpers.jl	31	C	upstream-test-only	#9570	Upstream test-only native call; not a shipped sjulia surface.	err = ccall(cb, Cint, (Ptr{Ptr{Cvoid}}, Cstring, Cstring, Cuint, Any),
stdlib/LibGit2/test/libgit2-tests.jl	1073	C	upstream-test-only	#9570	Upstream test-only native call; not a shipped sjulia surface.	ccall((:git_error_set_str, libgit2), Cvoid, (Cint, Cstring),
stdlib/LibGit2_jll/test/runtests.jl	9	C	upstream-test-only	#9570	Upstream test-only native call; not a shipped sjulia surface.	@test ccall((:git_libgit2_version, libgit2), Cint, (Ref{Cint}, Ref{Cint}, Ref{Cint}), major, minor, patch) == 0
stdlib/LibSSH2_jll/test/runtests.jl	6	C	upstream-test-only	#9570	Upstream test-only native call; not a shipped sjulia surface.	vn = unsafe_string(ccall((:libssh2_version, libssh2), Cstring, (Cint,), 0))
stdlib/Libdl/test/runtests.jl	208	C	upstream-test-only	#9570	Upstream test-only native call; not a shipped sjulia surface.	@test -1 == ccall(:jl_dlclose, Cint, (Ptr{Cvoid},), dl)
stdlib/Libdl/test/runtests.jl	314	C	upstream-test-only	#9570	Upstream test-only native call; not a shipped sjulia surface.	# Test that the library gets loaded when you use `ccall()`
stdlib/Libdl/test/runtests.jl	315	C	upstream-test-only	#9570	Upstream test-only native call; not a shipped sjulia surface.	compiled_bar() = ccall((:bar, libccalllazybar), Cint, (Cint,), 2)
stdlib/Libdl/test/runtests.jl	316	C	upstream-test-only	#9570	Upstream test-only native call; not a shipped sjulia surface.	@test ccall((:bar, libccalllazybar), Cint, (Cint,), 2) == compiled_bar() == 6
stdlib/Libdl/test/runtests.jl	322	C	upstream-test-only	#9570	Upstream test-only native call; not a shipped sjulia surface.	@test @ccall(libccalllazybar.bar(2::Cint)::Cint) == 6
stdlib/MPFR_jll/test/runtests.jl	6	C	upstream-test-only	#9570	Upstream test-only native call; not a shipped sjulia surface.	vn = VersionNumber(unsafe_string(ccall((:mpfr_get_version,libmpfr), Cstring, ())))
stdlib/Mmap/src/Mmap.jl	70	A	mmap	#9570	If supported, this must be a curated Rust host boundary, not arbitrary Julia ccall.	mode = ccall(:fcntl, Cint, (RawFD, Cint, Cint...), s, F_GETFL)
stdlib/Mmap/src/Mmap.jl	91	A	julia-runtime	#9570	Julia runtime primitive mirrored by VM/compiler metadata or a curated Rust intrinsic.	failure = ccall(:jl_ftruncate, Cint, (Cint, Int64), fd(io), offset+len)
stdlib/Mmap/src/Mmap.jl	232	A	julia-runtime	#9570	Julia runtime primitive mirrored by VM/compiler metadata or a curated Rust intrinsic.	ptr = ccall(:jl_mmap, Ptr{Cvoid}, (Ptr{Cvoid}, Csize_t, Cint, Cint, RawFD, Int64),
stdlib/Mmap/src/Mmap.jl	244	A	mmap	#9570	If supported, this must be a curated Rust host boundary, not arbitrary Julia ccall.	handle = create ? ccall(:CreateFileMappingW, stdcall, Ptr{Cvoid}, (OS_HANDLE, Ptr{Cvoid}, DWORD, DWORD, DWORD, Cwstring),
stdlib/Mmap/src/Mmap.jl	246	A	mmap	#9570	If supported, this must be a curated Rust host boundary, not arbitrary Julia ccall.	ccall(:OpenFileMappingW, stdcall, Ptr{Cvoid}, (DWORD, Cint, Cwstring),
stdlib/Mmap/src/Mmap.jl	249	A	mmap	#9570	If supported, this must be a curated Rust host boundary, not arbitrary Julia ccall.	ptr = ccall(:MapViewOfFile, stdcall, Ptr{Cvoid}, (Ptr{Cvoid}, DWORD, DWORD, DWORD, Csize_t),
stdlib/Mmap/src/Mmap.jl	257	A	mmap	#9570	If supported, this must be a curated Rust host boundary, not arbitrary Julia ccall.	systemerror("munmap",  ccall(:munmap, Cint, (Ptr{Cvoid}, Int), ptr, mmaplen) != 0)
stdlib/Mmap/src/Mmap.jl	259	A	mmap	#9570	If supported, this must be a curated Rust host boundary, not arbitrary Julia ccall.	status = ccall(:UnmapViewOfFile, stdcall, Cint, (Ptr{Cvoid},), ptr)!=0
stdlib/Mmap/src/Mmap.jl	260	A	mmap	#9570	If supported, this must be a curated Rust host boundary, not arbitrary Julia ccall.	status |= ccall(:CloseHandle, stdcall, Cint, (Ptr{Cvoid},), handle)!=0
stdlib/Mmap/src/Mmap.jl	372	A	mmap	#9570	If supported, this must be a curated Rust host boundary, not arbitrary Julia ccall.	ccall(:msync, Cint, (Ptr{Cvoid}, Csize_t, Cint), ptr, mmaplen, flags) != 0)
stdlib/Mmap/src/Mmap.jl	375	A	mmap	#9570	If supported, this must be a curated Rust host boundary, not arbitrary Julia ccall.	ccall(:FlushViewOfFile, stdcall, Cint, (Ptr{Cvoid}, Csize_t), ptr, mmaplen) == 0)
stdlib/Mmap/src/Mmap.jl	435	A	mmap	#9570	If supported, this must be a curated Rust host boundary, not arbitrary Julia ccall.	ccall(:madvise, Cint, (Ptr{Cvoid}, Csize_t, Cint), ptr, mmaplen, flag) != 0)
stdlib/OpenLibm_jll/test/runtests.jl	6	C	upstream-test-only	#9570	Upstream test-only native call; not a shipped sjulia surface.	@test ccall((:isopenlibm, libopenlibm), Cint, ()) == 1
stdlib/OpenSSL_jll/test/runtests.jl	6	C	upstream-test-only	#9570	Upstream test-only native call; not a shipped sjulia surface.	major = ccall((:OPENSSL_version_major, libcrypto), Cuint, ())
stdlib/OpenSSL_jll/test/runtests.jl	7	C	upstream-test-only	#9570	Upstream test-only native call; not a shipped sjulia surface.	minor = ccall((:OPENSSL_version_minor, libcrypto), Cuint, ())
stdlib/OpenSSL_jll/test/runtests.jl	8	C	upstream-test-only	#9570	Upstream test-only native call; not a shipped sjulia surface.	patch = ccall((:OPENSSL_version_patch, libcrypto), Cuint, ())
stdlib/PCRE2_jll/test/runtests.jl	7	C	upstream-test-only	#9570	Upstream test-only native call; not a shipped sjulia surface.	@test ccall((:pcre2_config_8, libpcre2_8), Cint, (UInt32, Ref{UInt8}), 11, vstr) > 0
stdlib/Profile/src/Allocs.jl	97	A	julia-runtime	#9570	Julia runtime primitive mirrored by VM/compiler metadata or a curated Rust intrinsic.	ccall(:jl_start_alloc_profile, Cvoid, (Cdouble,), Float64(sample_rate))
stdlib/Profile/src/Allocs.jl	106	A	julia-runtime	#9570	Julia runtime primitive mirrored by VM/compiler metadata or a curated Rust intrinsic.	ccall(:jl_stop_alloc_profile, Cvoid, ())
stdlib/Profile/src/Allocs.jl	115	A	julia-runtime	#9570	Julia runtime primitive mirrored by VM/compiler metadata or a curated Rust intrinsic.	ccall(:jl_free_alloc_profile, Cvoid, ())
stdlib/Profile/src/Allocs.jl	126	A	julia-runtime	#9570	Julia runtime primitive mirrored by VM/compiler metadata or a curated Rust intrinsic.	raw_results = ccall(:jl_fetch_alloc_profile, RawResults, ())
stdlib/Profile/src/Allocs.jl	153	A	julia-runtime	#9570	Julia runtime primitive mirrored by VM/compiler metadata or a curated Rust intrinsic.	JL_BUFF_TAG::UInt = ccall(:jl_get_buff_tag, UInt, ())
stdlib/Profile/src/Allocs.jl	157	A	julia-runtime	#9570	Julia runtime primitive mirrored by VM/compiler metadata or a curated Rust intrinsic.	global JL_BUFF_TAG = ccall(:jl_get_buff_tag, UInt, ())
stdlib/Profile/src/Profile.jl	105	A	julia-runtime	#9570	Julia runtime primitive mirrored by VM/compiler metadata or a curated Rust intrinsic.	get_peek_duration() = ccall(:jl_get_profile_peek_duration, Float64, ())
stdlib/Profile/src/Profile.jl	111	A	julia-runtime	#9570	Julia runtime primitive mirrored by VM/compiler metadata or a curated Rust intrinsic.	set_peek_duration(t::Float64) = ccall(:jl_set_profile_peek_duration, Cvoid, (Float64,), t)
stdlib/Profile/src/Profile.jl	129	A	julia-runtime	#9570	Julia runtime primitive mirrored by VM/compiler metadata or a curated Rust intrinsic.	n_cur = ccall(:jl_profile_maxlen_data, Csize_t, ())
stdlib/Profile/src/Profile.jl	133	A	julia-runtime	#9570	Julia runtime primitive mirrored by VM/compiler metadata or a curated Rust intrinsic.	n_cur = ccall(:jl_profile_maxlen_data, Csize_t, ())
stdlib/Profile/src/Profile.jl	135	A	julia-runtime	#9570	Julia runtime primitive mirrored by VM/compiler metadata or a curated Rust intrinsic.	delay_cur = ccall(:jl_profile_delay_nsec, UInt64, ())/10^9
stdlib/Profile/src/Profile.jl	153	A	julia-runtime	#9570	Julia runtime primitive mirrored by VM/compiler metadata or a curated Rust intrinsic.	status = ccall(:jl_profile_init, Cint, (Csize_t, UInt64), buffer_samples, round(UInt64, 10^9*delay))
stdlib/Profile/src/Profile.jl	189	A	julia-runtime	#9570	Julia runtime primitive mirrored by VM/compiler metadata or a curated Rust intrinsic.	clear() = ccall(:jl_profile_clear_data, Cvoid, ())
stdlib/Profile/src/Profile.jl	646	A	julia-runtime	#9570	Julia runtime primitive mirrored by VM/compiler metadata or a curated Rust intrinsic.	clear_malloc_data() = ccall(:jl_clear_malloc_data, Cvoid, ())
stdlib/Profile/src/Profile.jl	651	A	julia-runtime	#9570	Julia runtime primitive mirrored by VM/compiler metadata or a curated Rust intrinsic.	status = ccall(:jl_profile_start_timer, Cint, (Bool,), all_tasks)
stdlib/Profile/src/Profile.jl	658	A	julia-runtime	#9570	Julia runtime primitive mirrored by VM/compiler metadata or a curated Rust intrinsic.	stop_timer() = ccall(:jl_profile_stop_timer, Cvoid, ())
stdlib/Profile/src/Profile.jl	660	A	julia-runtime	#9570	Julia runtime primitive mirrored by VM/compiler metadata or a curated Rust intrinsic.	is_running() = ccall(:jl_profile_is_running, Cint, ())!=0
stdlib/Profile/src/Profile.jl	662	A	julia-runtime	#9570	Julia runtime primitive mirrored by VM/compiler metadata or a curated Rust intrinsic.	is_buffer_full() = ccall(:jl_profile_is_buffer_full, Cint, ())!=0
stdlib/Profile/src/Profile.jl	664	A	julia-runtime	#9570	Julia runtime primitive mirrored by VM/compiler metadata or a curated Rust intrinsic.	get_data_pointer() = convert(Ptr{UInt}, ccall(:jl_profile_get_data, Ptr{UInt8}, ()))
stdlib/Profile/src/Profile.jl	666	A	julia-runtime	#9570	Julia runtime primitive mirrored by VM/compiler metadata or a curated Rust intrinsic.	len_data() = convert(Int, ccall(:jl_profile_len_data, Csize_t, ()))
stdlib/Profile/src/Profile.jl	668	A	julia-runtime	#9570	Julia runtime primitive mirrored by VM/compiler metadata or a curated Rust intrinsic.	maxlen_data() = convert(Int, ccall(:jl_profile_maxlen_data, Csize_t, ()))
stdlib/Profile/src/Profile.jl	1439	A	julia-runtime	#9570	Julia runtime primitive mirrored by VM/compiler metadata or a curated Rust intrinsic.	ccall(:jl_gc_take_heap_snapshot,
stdlib/Profile/src/Profile.jl	1478	A	julia-runtime	#9570	Julia runtime primitive mirrored by VM/compiler metadata or a curated Rust intrinsic.	Base.@_lock_ios(io, ccall(:jl_gc_take_page_profile, Cvoid, (Ptr{Cvoid},), io.handle))
stdlib/REPL/src/LineEdit.jl	1705	A	os-libuv-io	#9570	If supported, this must be a curated Rust host/OS boundary with WASM+iOS fallbacks.	ccall(:uv_tty_get_vterm_state, Cint, (Ref{Cint},), vterm_state)
stdlib/REPL/src/LineEdit.jl	1714	A	os-libuv-io	#9570	If supported, this must be a curated Rust host/OS boundary with WASM+iOS fallbacks.	ccall(:SetConsoleMode, stdcall, Int32, (Ptr{Cvoid}, UInt32), handle, mode)
stdlib/REPL/src/LineEdit.jl	2644	A	julia-runtime	#9570	Julia runtime primitive mirrored by VM/compiler metadata or a curated Rust intrinsic.	ccall(:jl_raise_debugger, Int, ())
stdlib/REPL/src/LineEdit.jl	2851	A	julia-runtime	#9570	Julia runtime primitive mirrored by VM/compiler metadata or a curated Rust intrinsic.	@static if Sys.isunix(); ccall(:jl_repl_raise_sigtstp, Cint, ()); end
stdlib/REPL/src/REPLCompletions.jl	669	A	julia-runtime	#9570	Julia runtime primitive mirrored by VM/compiler metadata or a curated Rust intrinsic.	mi = ccall(:jl_method_instance_for_thunk, Ref{Core.MethodInstance}, (Any, Any), src, context_module)
stdlib/REPL/src/REPL.jl	300	A	julia-runtime	#9570	Julia runtime primitive mirrored by VM/compiler metadata or a curated Rust intrinsic.	ccall(:jl_expand_with_loc, Any, (Any, Any, Ptr{UInt8}, Cint), ast, mod, toplevel_file[], toplevel_line[])
stdlib/REPL/src/REPL.jl	302	A	julia-runtime	#9570	Julia runtime primitive mirrored by VM/compiler metadata or a curated Rust intrinsic.	ccall(:jl_toplevel_eval_flex, Any, (Any, Any, Cint, Cint, Ptr{Ptr{UInt8}}, Ptr{Cint}), mod, ast, 1, 1, toplevel_file, toplevel_line)
stdlib/REPL/src/REPL.jl	693	A	julia-runtime	#9570	Julia runtime primitive mirrored by VM/compiler metadata or a curated Rust intrinsic.	ccall(:jl_raise_debugger, Int, ())
stdlib/REPL/src/REPL.jl	1742	A	julia-runtime	#9570	Julia runtime primitive mirrored by VM/compiler metadata or a curated Rust intrinsic.	days = Int(floor((ccall(:jl_clock_now, Float64, ()) - Base.GIT_VERSION_INFO.fork_master_timestamp) / (60 * 60 * 24)))
stdlib/REPL/src/docview.jl	892	A	julia-runtime	#9570	Julia runtime primitive mirrored by VM/compiler metadata or a curated Rust intrinsic.	moduleusings(mod) = ccall(:jl_module_usings, Any, (Any,), mod)
stdlib/REPL/src/precompile.jl	196	A	julia-runtime	#9570	Julia runtime primitive mirrored by VM/compiler metadata or a curated Rust intrinsic.	ccall(:jl_tag_newly_inferred_enable, Cvoid, ())
stdlib/REPL/src/precompile.jl	203	A	julia-runtime	#9570	Julia runtime primitive mirrored by VM/compiler metadata or a curated Rust intrinsic.	ccall(:jl_tag_newly_inferred_disable, Cvoid, ())
stdlib/REPL/test/repl.jl	44	C	upstream-test-only	#9570	Upstream test-only native call; not a shipped sjulia surface.	##   ccall(:jl_breakpoint, Cvoid, (Any,), stdout_read)
stdlib/REPL/test/repl.jl	882	C	upstream-test-only	#9570	Upstream test-only native call; not a shipped sjulia surface.	if ccall(:jl_running_on_valgrind, Cint,()) == 0
stdlib/Random/src/DSFMT.jl	47	C	random-dsfmt	#8998	dSFMT bitstream parity is a documented permanent divergence; sjulia uses its own RNG surface.	idstring = ccall((:dsfmt_get_idstring,:libdSFMT),
stdlib/Random/src/DSFMT.jl	54	C	random-dsfmt	#8998	dSFMT bitstream parity is a documented permanent divergence; sjulia uses its own RNG surface.	min_array_size = ccall((:dsfmt_get_min_array_size,:libdSFMT),
stdlib/Random/src/DSFMT.jl	62	C	random-dsfmt	#8998	dSFMT bitstream parity is a documented permanent divergence; sjulia uses its own RNG surface.	ccall((:dsfmt_init_gen_rand,:libdSFMT),
stdlib/Random/src/DSFMT.jl	70	C	random-dsfmt	#8998	dSFMT bitstream parity is a documented permanent divergence; sjulia uses its own RNG surface.	ccall((:dsfmt_init_by_array,:libdSFMT),
stdlib/Random/src/DSFMT.jl	77	C	random-dsfmt	#8998	dSFMT bitstream parity is a documented permanent divergence; sjulia uses its own RNG surface.	ccall((:dsfmt_gv_init_by_array,:libdSFMT),
stdlib/Random/src/DSFMT.jl	86	C	random-dsfmt	#8998	dSFMT bitstream parity is a documented permanent divergence; sjulia uses its own RNG surface.	ccall((:dsfmt_fill_array_close1_open2,:libdSFMT),
stdlib/Random/src/DSFMT.jl	95	C	random-dsfmt	#8998	dSFMT bitstream parity is a documented permanent divergence; sjulia uses its own RNG surface.	ccall((:dsfmt_fill_array_close_open,:libdSFMT),
stdlib/Random/src/RNGs.jl	437	A	julia-runtime	#8998	Julia runtime primitive mirrored by VM/compiler metadata or a curated Rust intrinsic.	ccall(:jl_gc_init_finalizer_rng_state, Cvoid, ())
stdlib/Random/src/XoshiroSimd.jl	71	C	random-dsfmt	#8998	dSFMT bitstream parity is a documented permanent divergence; sjulia uses its own RNG surface.	@eval @inline _rotl45(x::$VT) = ccall($fshl, llvmcall, $VT, ($VT, $VT, $VT), x, x, $s)
stdlib/Random/src/XoshiroSimd.jl	74	C	random-dsfmt	#8998	dSFMT bitstream parity is a documented permanent divergence; sjulia uses its own RNG surface.	@eval @inline _rotl23(x::$VT) = ccall($fshl, llvmcall, $VT, ($VT, $VT, $VT), x, x, $s)
stdlib/Random/src/generation.jl	83	C	random-dsfmt	#8998	dSFMT bitstream parity is a documented permanent divergence; sjulia uses its own RNG surface.	ccall((:mpfr_sub_d, :libmpfr), Int32,
stdlib/Random/src/generation.jl	94	C	random-dsfmt	#8998	dSFMT bitstream parity is a documented permanent divergence; sjulia uses its own RNG surface.	ccall((:mpfr_sub_ui, :libmpfr), Int32, (Ref{BigFloat}, Ref{BigFloat}, Culong, Base.MPFR.MPFRRoundingMode),
stdlib/Serialization/src/Serialization.jl	94	A	julia-runtime	#9570	Julia runtime primitive mirrored by VM/compiler metadata or a curated Rust intrinsic.	ptr = ccall(:jl_value_ptr, Ptr{Cvoid}, (Any,), v)
stdlib/Serialization/src/Serialization.jl	225	A	string-memory	#9570	Memory/string primitives must be VM-owned or pure-Rust helpers, not arbitrary native calls.	len = Int(ccall(:strlen, Csize_t, (Cstring,), pname))
stdlib/Serialization/src/Serialization.jl	1048	A	julia-runtime	#9570	Julia runtime primitive mirrored by VM/compiler metadata or a curated Rust intrinsic.	meth = ccall(:jl_new_method_uninit, Ref{Method}, (Any,), Main)
stdlib/Serialization/src/Serialization.jl	1121	A	julia-runtime	#9570	Julia runtime primitive mirrored by VM/compiler metadata or a curated Rust intrinsic.	slot_syms = ccall(:jl_compress_argnames, Ref{String}, (Any,), meth.source.slotnames)
stdlib/Serialization/src/Serialization.jl	1133	A	julia-runtime	#9570	Julia runtime primitive mirrored by VM/compiler metadata or a curated Rust intrinsic.	if nothing === ccall(:jl_methtable_lookup, Any, (Any, UInt), sig, Base.get_world_counter()) # XXX: quite sketchy?
stdlib/Serialization/src/Serialization.jl	1134	A	julia-runtime	#9570	Julia runtime primitive mirrored by VM/compiler metadata or a curated Rust intrinsic.	ccall(:jl_method_table_insert, Cvoid, (Any, Any, Ptr{Cvoid}), mt, meth, C_NULL)
stdlib/Serialization/src/Serialization.jl	1149	A	julia-runtime	#9570	Julia runtime primitive mirrored by VM/compiler metadata or a curated Rust intrinsic.	linfo = ccall(:jl_new_method_instance_uninit, Ref{Core.MethodInstance}, (Ptr{Cvoid},), C_NULL)
stdlib/Serialization/src/Serialization.jl	1155	A	julia-runtime	#9570	Julia runtime primitive mirrored by VM/compiler metadata or a curated Rust intrinsic.	ci = ccall(:jl_new_codeinst_for_uninferred, Ref{CodeInstance}, (Any, Any), linfo, code)
stdlib/Serialization/src/Serialization.jl	1210	A	julia-runtime	#9570	Julia runtime primitive mirrored by VM/compiler metadata or a curated Rust intrinsic.	ci = ccall(:jl_new_code_info_uninit, Ref{CodeInfo}, ())
stdlib/Serialization/src/Serialization.jl	1475	A	julia-runtime	#9570	Julia runtime primitive mirrored by VM/compiler metadata or a curated Rust intrinsic.	tn = ccall(:jl_new_typename_in, Any, (Any, Any, Cint, Cint),
stdlib/Serialization/src/Serialization.jl	1498	A	julia-runtime	#9570	Julia runtime primitive mirrored by VM/compiler metadata or a curated Rust intrinsic.	ndt = ccall(:jl_new_datatype, Any, (Any, Any, Any, Any, Any, Any, Any, Cint, Cint, Cint),
stdlib/Serialization/src/Serialization.jl	1502	A	julia-runtime	#9570	Julia runtime primitive mirrored by VM/compiler metadata or a curated Rust intrinsic.	ccall(:jl_set_const, Cvoid, (Any, Any, Any), tn.module, tn.name, tn.wrapper)
stdlib/Serialization/src/Serialization.jl	1508	A	julia-runtime	#9570	Julia runtime primitive mirrored by VM/compiler metadata or a curated Rust intrinsic.	singleton = ccall(:jl_new_struct, Any, (Any, Any...), ty)
stdlib/Serialization/src/Serialization.jl	1510	A	julia-runtime	#9570	Julia runtime primitive mirrored by VM/compiler metadata or a curated Rust intrinsic.	ccall(:jl_set_nth_field, Cvoid, (Any, Csize_t, Any), ty, Base.fieldindex(DataType, :instance)-1, singleton)
stdlib/Serialization/src/Serialization.jl	1630	A	julia-runtime	#9570	Julia runtime primitive mirrored by VM/compiler metadata or a curated Rust intrinsic.	out = ccall(:jl_alloc_string, Ref{String}, (Csize_t,), len)
stdlib/Serialization/src/Serialization.jl	1641	A	julia-runtime	#9570	Julia runtime primitive mirrored by VM/compiler metadata or a curated Rust intrinsic.	x = ccall(:jl_new_struct_uninit, Any, (Any,), t)
stdlib/Serialization/src/Serialization.jl	1646	A	julia-runtime	#9570	Julia runtime primitive mirrored by VM/compiler metadata or a curated Rust intrinsic.	ccall(:jl_set_nth_field, Cvoid, (Any, Csize_t, Any), x, i-1, handle_deserialize(s, tag))
stdlib/Serialization/src/Serialization.jl	1651	A	julia-runtime	#9570	Julia runtime primitive mirrored by VM/compiler metadata or a curated Rust intrinsic.	return ccall(:jl_new_struct_uninit, Any, (Any,), t)
stdlib/Serialization/src/Serialization.jl	1664	A	julia-runtime	#9570	Julia runtime primitive mirrored by VM/compiler metadata or a curated Rust intrinsic.	return ccall(:jl_new_structv, Any, (Any, Ptr{Any}, UInt32), t, vflds, na)
stdlib/SharedArrays/src/SharedArrays.jl	689	A	julia-runtime	#9570	Julia runtime primitive mirrored by VM/compiler metadata or a curated Rust intrinsic.	rc = ccall(:jl_ftruncate, Cint, (Cint, Int64), fd_mem, prod(dims)*sizeof(T))
stdlib/SharedArrays/src/SharedArrays.jl	696	C	shared-memory	#9570	Shared-memory process/thread boundary is outside the single-threaded VM target.	shm_unlink(shm_seg_name) = ccall(:shm_unlink, Cint, (Cstring,), shm_seg_name)
stdlib/SharedArrays/src/SharedArrays.jl	701	C	shared-memory	#9570	Shared-memory process/thread boundary is outside the single-threaded VM target.	return ccall(:shm_open, Cint, (Cstring, Cint, Base.Cmode_t...), shm_seg_name, oflags, permissions)
stdlib/SharedArrays/src/SharedArrays.jl	703	C	shared-memory	#9570	Shared-memory process/thread boundary is outside the single-threaded VM target.	return ccall(:shm_open, Cint, (Cstring, Cint, Base.Cmode_t), shm_seg_name, oflags, permissions)
stdlib/Sockets/src/PipeServer.jl	20	A	os-libuv-io	#9570	If supported, this must be a curated Rust host/OS boundary with WASM+iOS fallbacks.	err = ccall(:uv_pipe_init, Cint, (Ptr{Cvoid}, Ptr{Cvoid}, Cint), eventloop(), pipe.handle, 0)
stdlib/Sockets/src/PipeServer.jl	36	A	os-libuv-io	#9570	If supported, this must be a curated Rust host/OS boundary with WASM+iOS fallbacks.	err = ccall(:uv_accept, Int32, (Ptr{Cvoid}, Ptr{Cvoid}), server.handle, client.handle)
stdlib/Sockets/src/PipeServer.jl	53	A	os-libuv-io	#9570	If supported, this must be a curated Rust host/OS boundary with WASM+iOS fallbacks.	err = ccall(:uv_pipe_bind, Int32, (Ptr{Cvoid}, Cstring),
stdlib/Sockets/src/PipeServer.jl	88	A	os-libuv-io	#9570	If supported, this must be a curated Rust host/OS boundary with WASM+iOS fallbacks.	ccall(:uv_pipe_connect, Cvoid, (Ptr{Cvoid}, Ptr{Cvoid}, Cstring, Ptr{Cvoid}), req, sock.handle, path,
stdlib/Sockets/src/Sockets.jl	89	A	os-libuv-io	#9570	If supported, this must be a curated Rust host/OS boundary with WASM+iOS fallbacks.	err = ccall(:uv_tcp_init_ex, Cint, (Ptr{Cvoid}, Ptr{Cvoid}, Cuint),
stdlib/Sockets/src/Sockets.jl	100	A	os-libuv-io	#9570	If supported, this must be a curated Rust host/OS boundary with WASM+iOS fallbacks.	err = ccall(:uv_tcp_open, Int32, (Ptr{Cvoid}, OS_HANDLE), tcp.handle, fd)
stdlib/Sockets/src/Sockets.jl	136	A	os-libuv-io	#9570	If supported, this must be a curated Rust host/OS boundary with WASM+iOS fallbacks.	err = ccall(:uv_tcp_init_ex, Cint, (Ptr{Cvoid}, Ptr{Cvoid}, Cuint),
stdlib/Sockets/src/Sockets.jl	196	A	os-libuv-io	#9570	If supported, this must be a curated Rust host/OS boundary with WASM+iOS fallbacks.	err = ccall(:uv_udp_init, Cint, (Ptr{Cvoid}, Ptr{Cvoid}),
stdlib/Sockets/src/Sockets.jl	241	A	julia-runtime	#9570	Julia runtime primitive mirrored by VM/compiler metadata or a curated Rust intrinsic.	return ccall(:jl_tcp_bind, Int32, (Ptr{Cvoid}, UInt16, Ptr{Cvoid}, Cuint, Cint),
stdlib/Sockets/src/Sockets.jl	247	A	julia-runtime	#9570	Julia runtime primitive mirrored by VM/compiler metadata or a curated Rust intrinsic.	return ccall(:jl_udp_bind, Int32, (Ptr{Cvoid}, UInt16, Ptr{Cvoid}, Cuint, Cint),
stdlib/Sockets/src/Sockets.jl	309	A	os-libuv-io	#9570	If supported, this must be a curated Rust host/OS boundary with WASM+iOS fallbacks.	uv_error("multicast_loop", ccall(:uv_udp_set_multicast_loop, Cint, (Ptr{Cvoid}, Cint), sock.handle, multicast_loop) < 0)
stdlib/Sockets/src/Sockets.jl	312	A	os-libuv-io	#9570	If supported, this must be a curated Rust host/OS boundary with WASM+iOS fallbacks.	uv_error("multicast_ttl", ccall(:uv_udp_set_multicast_ttl, Cint, (Ptr{Cvoid}, Cint), sock.handle, multicast_ttl))
stdlib/Sockets/src/Sockets.jl	315	A	os-libuv-io	#9570	If supported, this must be a curated Rust host/OS boundary with WASM+iOS fallbacks.	uv_error("enable_broadcast", ccall(:uv_udp_set_broadcast, Cint, (Ptr{Cvoid}, Cint), sock.handle, enable_broadcast))
stdlib/Sockets/src/Sockets.jl	318	A	os-libuv-io	#9570	If supported, this must be a curated Rust host/OS boundary with WASM+iOS fallbacks.	uv_error("ttl", ccall(:uv_udp_set_ttl, Cint, (Ptr{Cvoid}, Cint), sock.handle, ttl))
stdlib/Sockets/src/Sockets.jl	352	A	os-libuv-io	#9570	If supported, this must be a curated Rust host/OS boundary with WASM+iOS fallbacks.	if ccall(:uv_is_active, Cint, (Ptr{Cvoid},), sock.handle) == 0
stdlib/Sockets/src/Sockets.jl	353	A	os-libuv-io	#9570	If supported, this must be a curated Rust host/OS boundary with WASM+iOS fallbacks.	err = ccall(:uv_udp_recv_start, Cint, (Ptr{Cvoid}, Ptr{Cvoid}, Ptr{Cvoid}),
stdlib/Sockets/src/Sockets.jl	378	A	julia-runtime	#9570	Julia runtime primitive mirrored by VM/compiler metadata or a curated Rust intrinsic.	buf_addr = ccall(:jl_uv_buf_base, Ptr{UInt8}, (Ptr{Cvoid},), buf)
stdlib/Sockets/src/Sockets.jl	388	A	julia-runtime	#9570	Julia runtime primitive mirrored by VM/compiler metadata or a curated Rust intrinsic.	buf_size = Int(ccall(:jl_uv_buf_len, Csize_t, (Ptr{Cvoid},), buf))
stdlib/Sockets/src/Sockets.jl	399	A	julia-runtime	#9570	Julia runtime primitive mirrored by VM/compiler metadata or a curated Rust intrinsic.	if ccall(:jl_sockaddr_is_ip4, Cint, (Ptr{Cvoid},), addr) == 1
stdlib/Sockets/src/Sockets.jl	400	A	julia-runtime	#9570	Julia runtime primitive mirrored by VM/compiler metadata or a curated Rust intrinsic.	host = IPv4(ntoh(ccall(:jl_sockaddr_host4, UInt32, (Ptr{Cvoid},), addr)))
stdlib/Sockets/src/Sockets.jl	401	A	julia-runtime	#9570	Julia runtime primitive mirrored by VM/compiler metadata or a curated Rust intrinsic.	port = ntoh(ccall(:jl_sockaddr_port4, UInt16, (Ptr{Cvoid},), addr))
stdlib/Sockets/src/Sockets.jl	402	A	julia-runtime	#9570	Julia runtime primitive mirrored by VM/compiler metadata or a curated Rust intrinsic.	elseif ccall(:jl_sockaddr_is_ip6, Cint, (Ptr{Cvoid},), addr) == 1
stdlib/Sockets/src/Sockets.jl	404	A	julia-runtime	#9570	Julia runtime primitive mirrored by VM/compiler metadata or a curated Rust intrinsic.	scope_id = ccall(:jl_sockaddr_host6, UInt32, (Ptr{Cvoid}, Ptr{UInt128}), addr, tmp)
stdlib/Sockets/src/Sockets.jl	406	A	julia-runtime	#9570	Julia runtime primitive mirrored by VM/compiler metadata or a curated Rust intrinsic.	port = ntoh(ccall(:jl_sockaddr_port6, UInt16, (Ptr{Cvoid},), addr))
stdlib/Sockets/src/Sockets.jl	413	A	os-libuv-io	#9570	If supported, this must be a curated Rust host/OS boundary with WASM+iOS fallbacks.	ccall(:uv_udp_recv_stop, Cint, (Ptr{Cvoid},), sock)
stdlib/Sockets/src/Sockets.jl	425	A	julia-runtime	#9570	Julia runtime primitive mirrored by VM/compiler metadata or a curated Rust intrinsic.	err = ccall(:jl_udp_send, Cint, (Ptr{Cvoid}, Ptr{Cvoid}, UInt16, Ptr{Cvoid}, Ptr{UInt8}, Csize_t, Ptr{Cvoid}, Cint),
stdlib/Sockets/src/Sockets.jl	478	A	julia-runtime	#9570	Julia runtime primitive mirrored by VM/compiler metadata or a curated Rust intrinsic.	hand = ccall(:jl_uv_connect_handle, Ptr{Cvoid}, (Ptr{Cvoid},), conn)
stdlib/Sockets/src/Sockets.jl	484	A	julia-runtime	#9570	Julia runtime primitive mirrored by VM/compiler metadata or a curated Rust intrinsic.	hand = ccall(:jl_uv_connect_handle, Ptr{Cvoid}, (Ptr{Cvoid},), conn)
stdlib/Sockets/src/Sockets.jl	499	A	julia-runtime	#9570	Julia runtime primitive mirrored by VM/compiler metadata or a curated Rust intrinsic.	ccall(:jl_forceclose_uv, Cvoid, (Ptr{Cvoid},), hand)
stdlib/Sockets/src/Sockets.jl	520	A	julia-runtime	#9570	Julia runtime primitive mirrored by VM/compiler metadata or a curated Rust intrinsic.	uv_error("connect", ccall(:jl_tcp_connect, Int32, (Ptr{Cvoid}, Ptr{Cvoid}, UInt16, Ptr{Cvoid}, Cint),
stdlib/Sockets/src/Sockets.jl	599	A	os-libuv-io	#9570	If supported, this must be a curated Rust host/OS boundary with WASM+iOS fallbacks.	err = ccall(:uv_tcp_nodelay, Cint, (Ptr{Cvoid}, Cint), sock.handle, Cint(!enable))
stdlib/Sockets/src/Sockets.jl	615	A	julia-runtime	#9570	Julia runtime primitive mirrored by VM/compiler metadata or a curated Rust intrinsic.	if ccall(:jl_tcp_quickack, Cint, (Ptr{Cvoid}, Cint), sock.handle, Cint(enable)) < 0
stdlib/Sockets/src/Sockets.jl	671	A	os-libuv-io	#9570	If supported, this must be a curated Rust host/OS boundary with WASM+iOS fallbacks.	err = ccall(:uv_listen, Cint, (Ptr{Cvoid}, Cint, Ptr{Cvoid}),
stdlib/Sockets/src/Sockets.jl	685	A	os-libuv-io	#9570	If supported, this must be a curated Rust host/OS boundary with WASM+iOS fallbacks.	err = ccall(:uv_accept, Int32, (Ptr{Cvoid}, Ptr{Cvoid}), server.handle, client.handle)
stdlib/Sockets/src/Sockets.jl	764	A	os-libuv-io	#9570	If supported, this must be a curated Rust host/OS boundary with WASM+iOS fallbacks.	r = ccall(:uv_udp_set_membership, Cint,
stdlib/Sockets/src/Sockets.jl	833	A	julia-runtime	#9570	Julia runtime primitive mirrored by VM/compiler metadata or a curated Rust intrinsic.	r = ccall(:jl_tcp_getsockname, Int32,
stdlib/Sockets/src/Sockets.jl	837	A	julia-runtime	#9570	Julia runtime primitive mirrored by VM/compiler metadata or a curated Rust intrinsic.	r = ccall(:jl_tcp_getpeername, Int32,
stdlib/Sockets/src/addrinfo.jl	31	A	julia-runtime	#9570	Julia runtime primitive mirrored by VM/compiler metadata or a curated Rust intrinsic.	sockaddr = ccall(:jl_sockaddr_from_addrinfo, Ptr{Cvoid}, (Ptr{Cvoid},), addrinfo)
stdlib/Sockets/src/addrinfo.jl	32	A	julia-runtime	#9570	Julia runtime primitive mirrored by VM/compiler metadata or a curated Rust intrinsic.	if ccall(:jl_sockaddr_is_ip4, Int32, (Ptr{Cvoid},), sockaddr) == 1
stdlib/Sockets/src/addrinfo.jl	33	A	julia-runtime	#9570	Julia runtime primitive mirrored by VM/compiler metadata or a curated Rust intrinsic.	ip4addr = ccall(:jl_sockaddr_host4, UInt32, (Ptr{Cvoid},), sockaddr)
stdlib/Sockets/src/addrinfo.jl	35	A	julia-runtime	#9570	Julia runtime primitive mirrored by VM/compiler metadata or a curated Rust intrinsic.	elseif ccall(:jl_sockaddr_is_ip6, Int32, (Ptr{Cvoid},), sockaddr) == 1
stdlib/Sockets/src/addrinfo.jl	37	A	julia-runtime	#9570	Julia runtime primitive mirrored by VM/compiler metadata or a curated Rust intrinsic.	scope_id = ccall(:jl_sockaddr_host6, UInt32, (Ptr{Cvoid}, Ptr{UInt128}), sockaddr, ip6addr)
stdlib/Sockets/src/addrinfo.jl	40	A	julia-runtime	#9570	Julia runtime primitive mirrored by VM/compiler metadata or a curated Rust intrinsic.	addrinfo = ccall(:jl_next_from_addrinfo, Ptr{Cvoid}, (Ptr{Cvoid},), addrinfo)
stdlib/Sockets/src/addrinfo.jl	42	A	os-libuv-io	#9570	If supported, this must be a curated Rust host/OS boundary with WASM+iOS fallbacks.	ccall(:uv_freeaddrinfo, Cvoid, (Ptr{Cvoid},), freeaddrinfo)
stdlib/Sockets/src/addrinfo.jl	70	A	julia-runtime	#9570	Julia runtime primitive mirrored by VM/compiler metadata or a curated Rust intrinsic.	status = ccall(:jl_getaddrinfo, Int32, (Ptr{Cvoid}, Ptr{Cvoid}, Cstring, Ptr{Cvoid}, Ptr{Cvoid}),
stdlib/Sockets/src/addrinfo.jl	98	A	os-libuv-io	#9570	If supported, this must be a curated Rust host/OS boundary with WASM+iOS fallbacks.	ccall(:uv_cancel, Int32, (Ptr{Cvoid},), req) # try to let libuv know we don't care anymore
stdlib/Sockets/src/addrinfo.jl	204	A	julia-runtime	#9570	Julia runtime primitive mirrored by VM/compiler metadata or a curated Rust intrinsic.	status = ccall(:jl_getnameinfo, Int32, (Ptr{Cvoid}, Ptr{Cvoid}, Ptr{Cvoid}, UInt16, Cint, Ptr{Cvoid}, Cint),
stdlib/Sockets/src/addrinfo.jl	231	A	os-libuv-io	#9570	If supported, this must be a curated Rust host/OS boundary with WASM+iOS fallbacks.	ccall(:uv_cancel, Int32, (Ptr{Cvoid},), req) # try to let libuv know we don't care anymore
stdlib/Sockets/src/addrinfo.jl	256	A	julia-runtime	#9570	Julia runtime primitive mirrored by VM/compiler metadata or a curated Rust intrinsic.	const _sizeof_uv_interface_address = ccall(:jl_uv_sizeof_interface_address,Int32,())
stdlib/Sockets/src/addrinfo.jl	331	A	julia-runtime	#9570	Julia runtime primitive mirrored by VM/compiler metadata or a curated Rust intrinsic.	err = ccall(:jl_uv_interface_addresses, Int32, (Ref{Ptr{UInt8}}, Ref{Int32}), addr_ref, count_ref)
stdlib/Sockets/src/addrinfo.jl	336	A	julia-runtime	#9570	Julia runtime primitive mirrored by VM/compiler metadata or a curated Rust intrinsic.	if 1 == ccall(:jl_uv_interface_address_is_internal, Int32, (Ptr{UInt8},), current_addr)
stdlib/Sockets/src/addrinfo.jl	342	A	julia-runtime	#9570	Julia runtime primitive mirrored by VM/compiler metadata or a curated Rust intrinsic.	sockaddr = ccall(:jl_uv_interface_address_sockaddr, Ptr{Cvoid}, (Ptr{UInt8},), current_addr)
stdlib/Sockets/src/addrinfo.jl	343	A	julia-runtime	#9570	Julia runtime primitive mirrored by VM/compiler metadata or a curated Rust intrinsic.	if IPv4 <: T && ccall(:jl_sockaddr_is_ip4, Int32, (Ptr{Cvoid},), sockaddr) == 1
stdlib/Sockets/src/addrinfo.jl	344	A	julia-runtime	#9570	Julia runtime primitive mirrored by VM/compiler metadata or a curated Rust intrinsic.	push!(addresses, IPv4(ntoh(ccall(:jl_sockaddr_host4, UInt32, (Ptr{Cvoid},), sockaddr))))
stdlib/Sockets/src/addrinfo.jl	345	A	julia-runtime	#9570	Julia runtime primitive mirrored by VM/compiler metadata or a curated Rust intrinsic.	elseif IPv6 <: T && ccall(:jl_sockaddr_is_ip6, Int32, (Ptr{Cvoid},), sockaddr) == 1
stdlib/Sockets/src/addrinfo.jl	347	A	julia-runtime	#9570	Julia runtime primitive mirrored by VM/compiler metadata or a curated Rust intrinsic.	scope_id = ccall(:jl_sockaddr_host6, UInt32, (Ptr{Cvoid}, Ref{UInt128},), sockaddr, addr6)
stdlib/Sockets/src/addrinfo.jl	351	A	os-libuv-io	#9570	If supported, this must be a curated Rust host/OS boundary with WASM+iOS fallbacks.	ccall(:uv_free_interface_addresses, Cvoid, (Ptr{UInt8}, Int32), addr, count)
stdlib/Sockets/test/runtests.jl	18	C	upstream-test-only	#9570	Upstream test-only native call; not a shipped sjulia surface.	ccall(:uv_kill, Cint, (Cint, Cint), getpid(), SIGINFO)
stdlib/Sockets/test/runtests.jl	21	C	upstream-test-only	#9570	Upstream test-only native call; not a shipped sjulia surface.	ccall(:uv_kill, Cint, (Cint, Cint), getpid(), Base.SIGTERM)
stdlib/Sockets/test/runtests.jl	598	C	upstream-test-only	#9570	Upstream test-only native call; not a shipped sjulia surface.	let fd = ccall(:socket, Int32, (Int32, Int32, Int32),
stdlib/Sockets/test/runtests.jl	635	C	upstream-test-only	#9570	Upstream test-only native call; not a shipped sjulia surface.	if ccall(:jl_has_so_reuseport, Int32, ()) == 1
stdlib/Sockets/test/runtests.jl	636	C	upstream-test-only	#9570	Upstream test-only native call; not a shipped sjulia surface.	@test 0 == ccall(:jl_tcp_reuseport, Int32, (Ptr{Cvoid},), s.handle)
stdlib/Sockets/test/runtests.jl	705	C	upstream-test-only	#9570	Upstream test-only native call; not a shipped sjulia surface.	rc = ccall(:getrlimit, Cint, (Cint, Ref{RLimit}), RLIMIT_STACK, rlim)
stdlib/Sockets/test/runtests.jl	710	C	upstream-test-only	#9570	Upstream test-only native call; not a shipped sjulia surface.	ccall(:setrlimit, Cint, (Cint, Ref{RLimit}), RLIMIT_STACK, rlim)
stdlib/Sockets/test/runtests.jl	714	C	upstream-test-only	#9570	Upstream test-only native call; not a shipped sjulia surface.	ccall(:setrlimit, Cint, (Cint, Ref{RLimit}), RLIMIT_STACK, rlim)
stdlib/SuiteSparse_jll/test/runtests.jl	10	C	upstream-test-only	#9570	Upstream test-only native call; not a shipped sjulia surface.	@test ccall((:SuiteSparse_version, libsuitesparseconfig), Cint, (Ptr{Cint},), C_NULL) > 7000
stdlib/Test/src/Test.jl	1666	A	julia-runtime	#9570	Julia runtime primitive mirrored by VM/compiler metadata or a curated Rust intrinsic.	ccall(:jl_test_failure_breakpoint, Cvoid, (Any,), err)
stdlib/Test/src/Test.jl	2203	A	julia-runtime	#9570	Julia runtime primitive mirrored by VM/compiler metadata or a curated Rust intrinsic.	mf = ccall(:jl_gf_invoke_lookup, Any, (Any, Any, UInt), tuple_sig, nothing, world)
stdlib/Unicode/src/Unicode.jl	225	A	unicode-utf8proc	#9570	Unicode/utf8proc behavior must be mirrored by VM-owned or pure-Rust Unicode support, not arbitrary native calls.	0x000301 ≤ uc ≤ 0x10ffff ? unsafe_load(ccall(:utf8proc_get_property, Ptr{UInt16}, (UInt32,), uc), 2) : 0x0000
stdlib/Zlib_jll/test/runtests.jl	6	C	upstream-test-only	#9570	Upstream test-only native call; not a shipped sjulia surface.	@test VersionNumber(unsafe_string(ccall((:zlibVersion, libz), Cstring, ()))) == v"1.3.1"
stdlib/dSFMT_jll/test/runtests.jl	6	C	upstream-test-only	#9570	Upstream test-only native call; not a shipped sjulia surface.	idstring = ccall((:dsfmt_get_idstring, libdSFMT), Ptr{UInt8}, ())
stdlib/nghttp2_jll/test/runtests.jl	13	C	upstream-test-only	#9570	Upstream test-only native call; not a shipped sjulia surface.	info = unsafe_load(ccall((:nghttp2_version,libnghttp2), Ptr{nghttp2_info}, (Cint,), 0))
